› Building app...
Starting a Gradle Daemon, 1 busy and 1 incompatible and 9 stopped Daemons could not be reused, use --status for details
Configuration on demand is an incubating feature.
> Task :gradle-plugin:settings-plugin:checkKotlinGradlePluginConfigurationErrors SKIPPED
> Task :expo-gradle-plugin:expo-autolinking-settings-plugin:checkKotlinGradlePluginConfigurationErrors SKIPPED
> Task :expo-gradle-plugin:expo-autolinking-plugin-shared:checkKotlinGradlePluginConfigurationErrors SKIPPED
> Task :gradle-plugin:shared:checkKotlinGradlePluginConfigurationErrors SKIPPED
> Task :gradle-plugin:settings-plugin:pluginDescriptors UP-TO-DATE
> Task :gradle-plugin:settings-plugin:processResources UP-TO-DATE
> Task :expo-gradle-plugin:expo-autolinking-settings-plugin:pluginDescriptors
> Task :expo-gradle-plugin:expo-autolinking-settings-plugin:processResources
> Task :gradle-plugin:shared:compileKotlin UP-TO-DATE
> Task :gradle-plugin:shared:compileJava NO-SOURCE
> Task :gradle-plugin:shared:processResources NO-SOURCE
> Task :gradle-plugin:shared:classes UP-TO-DATE
> Task :gradle-plugin:shared:jar UP-TO-DATE
> Task :gradle-plugin:settings-plugin:compileKotlin UP-TO-DATE
> Task :gradle-plugin:settings-plugin:compileJava NO-SOURCE
> Task :gradle-plugin:settings-plugin:classes UP-TO-DATE
> Task :gradle-plugin:settings-plugin:jar UP-TO-DATE
> Task :expo-gradle-plugin:expo-autolinking-plugin-shared:processResources NO-SOURCE
> Task :expo-gradle-plugin:expo-autolinking-plugin-shared:compileKotlin
> Task :expo-gradle-plugin:expo-autolinking-plugin-shared:compileJava NO-SOURCE
> Task :expo-gradle-plugin:expo-autolinking-plugin-shared:classes UP-TO-DATE
> Task :expo-gradle-plugin:expo-autolinking-plugin-shared:jar
> Task :expo-gradle-plugin:expo-autolinking-settings-plugin:compileKotlin
> Task :expo-gradle-plugin:expo-autolinking-settings-plugin:compileJava NO-SOURCE
> Task :expo-gradle-plugin:expo-autolinking-settings-plugin:classes
> Task :expo-gradle-plugin:expo-autolinking-settings-plugin:jar
> Task :expo-gradle-plugin:expo-autolinking-plugin:checkKotlinGradlePluginConfigurationErrors SKIPPED
> Task :expo-module-gradle-plugin:checkKotlinGradlePluginConfigurationErrors SKIPPED
> Task :expo-dev-launcher-gradle-plugin:checkKotlinGradlePluginConfigurationErrors SKIPPED
> Task :gradle-plugin:react-native-gradle-plugin:checkKotlinGradlePluginConfigurationErrors SKIPPED
> Task :expo-module-gradle-plugin:pluginDescriptors UP-TO-DATE
> Task :expo-module-gradle-plugin:processResources UP-TO-DATE
> Task :expo-dev-launcher-gradle-plugin:pluginDescriptors
> Task :expo-dev-launcher-gradle-plugin:processResources
> Task :expo-gradle-plugin:expo-autolinking-plugin:pluginDescriptors
> Task :expo-gradle-plugin:expo-autolinking-plugin:processResources
> Task :gradle-plugin:react-native-gradle-plugin:compileKotlin UP-TO-DATE
> Task :gradle-plugin:react-native-gradle-plugin:compileJava NO-SOURCE
> Task :gradle-plugin:react-native-gradle-plugin:pluginDescriptors UP-TO-DATE
> Task :gradle-plugin:react-native-gradle-plugin:processResources UP-TO-DATE
> Task :gradle-plugin:react-native-gradle-plugin:classes UP-TO-DATE
> Task :gradle-plugin:react-native-gradle-plugin:jar UP-TO-DATE
> Task :expo-module-gradle-plugin:compileKotlin UP-TO-DATE
> Task :expo-module-gradle-plugin:compileJava NO-SOURCE
> Task :expo-module-gradle-plugin:classes UP-TO-DATE
> Task :expo-module-gradle-plugin:jar UP-TO-DATE
> Task :expo-gradle-plugin:expo-autolinking-plugin:compileKotlin
> Task :expo-gradle-plugin:expo-autolinking-plugin:compileJava NO-SOURCE
> Task :expo-gradle-plugin:expo-autolinking-plugin:classes
> Task :expo-gradle-plugin:expo-autolinking-plugin:jar
> Task :expo-dev-launcher-gradle-plugin:compileKotlin
> Task :expo-dev-launcher-gradle-plugin:compileJava NO-SOURCE
> Task :expo-dev-launcher-gradle-plugin:classes
> Task :expo-dev-launcher-gradle-plugin:jar

> Configure project :
[32m[ExpoRootProject][0m Using the following versions:
  - buildTools:  [32m36.0.0[0m
  - minSdk:      [32m24[0m
  - compileSdk:  [32m36[0m
  - targetSdk:   [32m36[0m
  - ndk:         [32m27.1.12297006[0m
  - kotlin:      [32m2.1.20[0m
  - ksp:         [32m2.1.20-2.0.1[0m

> Configure project :app
 ℹ️  [33mApplying gradle plugin[0m '[32mexpo-dev-launcher-gradle-plugin[0m'
Warning: SDK processing. This version only understands SDK XML versions up to 3 but an SDK XML file of version 4 was encountered. This can happen if you use versions of Android Studio and the command-line tools that were released at different times.

> Configure project :expo

Using expo modules
  - [32mexpo-constants[0m (18.0.13)
  - [32mexpo-dev-client[0m (6.0.21)
  - [32mexpo-dev-launcher[0m (6.0.21)
  - [32mexpo-dev-menu[0m (7.0.19)
  - [32mexpo-dev-menu-interface[0m (2.0.0)
  - [32mexpo-json-utils[0m (0.15.0)
  - [32mexpo-manifests[0m (1.0.11)
  - [32mexpo-modules-core[0m (3.0.30)
  - [32mexpo-updates-interface[0m (2.0.0)
  - [33m[📦][0m [32mexpo-application[0m (7.0.8)
  - [33m[📦][0m [32mexpo-asset[0m (12.0.13)
  - [33m[📦][0m [32mexpo-av[0m (16.0.8)
  - [33m[📦][0m [32mexpo-blur[0m (15.0.8)
  - [33m[📦][0m [32mexpo-clipboard[0m (8.0.8)
  - [33m[📦][0m [32mexpo-contacts[0m (15.0.11)
  - [33m[📦][0m [32mexpo-document-picker[0m (14.0.8)
  - [33m[📦][0m [32mexpo-file-system[0m (19.0.23)
  - [33m[📦][0m [32mexpo-font[0m (14.0.12)
  - [33m[📦][0m [32mexpo-haptics[0m (15.0.8)
  - [33m[📦][0m [32mexpo-image[0m (3.0.11)
  - [33m[📦][0m [32mexpo-image-loader[0m (6.0.0)
  - [33m[📦][0m [32mexpo-image-picker[0m (17.0.11)
  - [33m[📦][0m [32mexpo-keep-awake[0m (15.0.8)
  - [33m[📦][0m [32mexpo-linear-gradient[0m (15.0.8)
  - [33m[📦][0m [32mexpo-linking[0m (8.0.12)
  - [33m[📦][0m [32mexpo-location[0m (19.0.8)
  - [33m[📦][0m [32mexpo-navigation-bar[0m (5.0.10)
  - [33m[📦][0m [32mexpo-notifications[0m (0.32.17)
  - [33m[📦][0m [32mexpo-print[0m (15.0.8)
  - [33m[📦][0m [32mexpo-secure-store[0m (15.0.8)
  - [33m[📦][0m [32mexpo-sharing[0m (14.0.8)
  - [33m[📦][0m [32mexpo-splash-screen[0m (31.0.13)
  - [33m[📦][0m [32mexpo-system-ui[0m (6.0.9)
  - [33m[📦][0m [32mexpo-web-browser[0m (15.0.11)


> Task :expo-dev-menu:preBuild UP-TO-DATE
> Task :expo-dev-launcher:preBuild UP-TO-DATE
> Task :expo-dev-client:preBuild UP-TO-DATE
> Task :expo-dev-menu-interface:preBuild UP-TO-DATE
> Task :expo-json-utils:preBuild UP-TO-DATE
> Task :expo-dev-client:preDebugBuild UP-TO-DATE
> Task :expo-dev-launcher:preDebugBuild UP-TO-DATE
> Task :expo-dev-menu-interface:preDebugBuild UP-TO-DATE
> Task :expo-json-utils:preDebugBuild UP-TO-DATE
> Task :expo-dev-menu:preDebugBuild UP-TO-DATE
> Task :expo-dev-client:writeDebugAarMetadata
> Task :expo-dev-launcher:writeDebugAarMetadata
> Task :expo-manifests:preBuild UP-TO-DATE
> Task :expo-modules-core:preBuild UP-TO-DATE
> Task :expo-manifests:preDebugBuild UP-TO-DATE
> Task :expo-modules-core:preDebugBuild UP-TO-DATE
> Task :expo-dev-menu:writeDebugAarMetadata
> Task :expo-manifests:writeDebugAarMetadata
> Task :expo-dev-menu-interface:writeDebugAarMetadata
> Task :expo-json-utils:writeDebugAarMetadata
> Task :msg91comm_sendotp-react-native:preBuild UP-TO-DATE
> Task :expo-updates-interface:preBuild UP-TO-DATE
> Task :msg91comm_sendotp-react-native:preDebugBuild UP-TO-DATE
> Task :expo-updates-interface:preDebugBuild UP-TO-DATE
> Task :expo-modules-core:writeDebugAarMetadata
> Task :react-native-cashfree-pg-sdk:preBuild UP-TO-DATE
> Task :react-native-cashfree-pg-sdk:preDebugBuild UP-TO-DATE
> Task :expo-updates-interface:writeDebugAarMetadata
> Task :msg91comm_sendotp-react-native:writeDebugAarMetadata
> Task :react-native-cashfree-pg-sdk:writeDebugAarMetadata
> Task :app:generateAutolinkingNewArchitectureFiles
> Task :app:generateAutolinkingPackageList
> Task :app:generateCodegenSchemaFromJavaScript SKIPPED
> Task :app:generateCodegenArtifactsFromSchema SKIPPED
> Task :app:generateReactNativeEntryPoint
> Task :app:preBuild
> Task :app:preDebugBuild
> Task :app:mergeDebugNativeDebugMetadata NO-SOURCE
> Task :app:checkKotlinGradlePluginConfigurationErrors SKIPPED
> Task :app:generateDebugBuildConfig
> Task :react-native-reanimated:assertMinimalReactNativeVersionTask
> Task :react-native-reanimated:assertNewArchitectureEnabledTask SKIPPED
> Task :react-native-reanimated:assertWorkletsVersionTask
> Task :expo:generatePackagesList
> Task :expo:preBuild
> Task :expo:preDebugBuild
> Task :expo:writeDebugAarMetadata
> Task :react-native-reanimated:generateCodegenSchemaFromJavaScript
> Task :react-native-async-storage_async-storage:generateCodegenSchemaFromJavaScript
> Task :react-native-community_datetimepicker:generateCodegenSchemaFromJavaScript
> Task :react-native-gesture-handler:generateCodegenSchemaFromJavaScript
> Task :react-native-safe-area-context:generateCodegenSchemaFromJavaScript
> Task :react-native-screens:generateCodegenSchemaFromJavaScript
> Task :react-native-svg:generateCodegenSchemaFromJavaScript
> Task :expo-constants:createExpoConfig
> Task :expo-constants:preBuild
> Task :expo-constants:preDebugBuild
> Task :expo-constants:writeDebugAarMetadata
> Task :react-native-worklets:assertMinimalReactNativeVersionTask
> Task :react-native-worklets:assertNewArchitectureEnabledTask SKIPPED
> Task :react-native-worklets:generateCodegenSchemaFromJavaScript
> Task :react-native-async-storage_async-storage:generateCodegenArtifactsFromSchema
> Task :react-native-async-storage_async-storage:preBuild
> Task :react-native-async-storage_async-storage:preDebugBuild
> Task :react-native-async-storage_async-storage:writeDebugAarMetadata
> Task :react-native-worklets:generateCodegenArtifactsFromSchema
> Task :app:generateDebugResValues
> Task :expo:generateDebugResValues
> Task :expo:generateDebugResources
> Task :react-native-reanimated:generateCodegenArtifactsFromSchema
> Task :react-native-community_datetimepicker:generateCodegenArtifactsFromSchema
> Task :react-native-community_datetimepicker:preBuild
> Task :react-native-community_datetimepicker:preDebugBuild
> Task :react-native-safe-area-context:generateCodegenArtifactsFromSchema
> Task :react-native-safe-area-context:preBuild
> Task :react-native-safe-area-context:preDebugBuild
> Task :react-native-community_datetimepicker:writeDebugAarMetadata
> Task :react-native-safe-area-context:writeDebugAarMetadata
> Task :expo-constants:generateDebugResValues
> Task :expo-dev-client:generateDebugResValues
> Task :expo-constants:generateDebugResources
> Task :expo-dev-client:generateDebugResources
> Task :react-native-screens:generateCodegenArtifactsFromSchema
> Task :react-native-screens:preBuild
> Task :react-native-screens:preDebugBuild
> Task :react-native-screens:writeDebugAarMetadata
> Task :expo-dev-launcher:generateDebugResValues
> Task :react-native-worklets:prepareWorkletsHeadersForPrefabs
> Task :react-native-worklets:preBuild
> Task :react-native-worklets:preDebugBuild
> Task :react-native-worklets:writeDebugAarMetadata
> Task :react-native-gesture-handler:generateCodegenArtifactsFromSchema
> Task :react-native-gesture-handler:preBuild
> Task :react-native-gesture-handler:preDebugBuild
> Task :expo-dev-menu:generateDebugResValues
> Task :react-native-gesture-handler:writeDebugAarMetadata
> Task :expo:packageDebugResources
> Task :expo-dev-menu-interface:generateDebugResValues
> Task :expo-json-utils:generateDebugResValues
> Task :expo-dev-client:packageDebugResources
> Task :expo-manifests:generateDebugResValues
> Task :expo-dev-launcher:generateDebugResources
> Task :expo-dev-menu:generateDebugResources
> Task :expo-dev-menu-interface:generateDebugResources
> Task :expo-manifests:generateDebugResources
> Task :expo-manifests:packageDebugResources
> Task :expo-modules-core:generateDebugResValues
> Task :react-native-svg:generateCodegenArtifactsFromSchema
> Task :react-native-svg:preBuild
> Task :react-native-svg:preDebugBuild
> Task :react-native-svg:writeDebugAarMetadata
> Task :expo-json-utils:generateDebugResources
> Task :expo-constants:packageDebugResources
> Task :expo-modules-core:generateDebugResources
> Task :msg91comm_sendotp-react-native:generateDebugResValues
> Task :expo-updates-interface:generateDebugResValues
> Task :msg91comm_sendotp-react-native:generateDebugResources
> Task :expo-updates-interface:generateDebugResources
> Task :expo-json-utils:packageDebugResources
> Task :react-native-async-storage_async-storage:generateDebugResValues
> Task :expo-updates-interface:packageDebugResources
> Task :react-native-cashfree-pg-sdk:generateDebugResValues
> Task :react-native-async-storage_async-storage:generateDebugResources
> Task :react-native-cashfree-pg-sdk:generateDebugResources
> Task :expo-dev-menu-interface:packageDebugResources
> Task :react-native-community_datetimepicker:generateDebugResValues
> Task :react-native-community_datetimepicker:generateDebugResources
> Task :expo-modules-core:packageDebugResources
> Task :react-native-cashfree-pg-sdk:packageDebugResources
> Task :react-native-gesture-handler:generateDebugResValues
> Task :react-native-safe-area-context:generateDebugResValues
> Task :react-native-gesture-handler:generateDebugResources
> Task :react-native-safe-area-context:generateDebugResources
> Task :react-native-gesture-handler:packageDebugResources
> Task :react-native-safe-area-context:packageDebugResources
> Task :react-native-screens:generateDebugResValues
> Task :react-native-svg:generateDebugResValues
> Task :msg91comm_sendotp-react-native:packageDebugResources
> Task :react-native-worklets:generateDebugResValues
> Task :react-native-async-storage_async-storage:packageDebugResources
> Task :react-native-svg:generateDebugResources
> Task :react-native-screens:generateDebugResources
> Task :react-native-svg:packageDebugResources
> Task :expo:extractDeepLinksDebug
> Task :react-native-worklets:generateDebugResources
> Task :app:generateDebugResources
> Task :react-native-worklets:packageDebugResources
> Task :expo-constants:extractDeepLinksDebug
> Task :react-native-reanimated:prepareReanimatedHeadersForPrefabs
> Task :react-native-reanimated:preBuild
> Task :react-native-reanimated:preDebugBuild
> Task :react-native-community_datetimepicker:packageDebugResources
> Task :expo-dev-launcher:packageDebugResources
> Task :react-native-reanimated:writeDebugAarMetadata
> Task :expo-dev-client:extractDeepLinksDebug
> Task :react-native-reanimated:generateDebugResValues
> Task :expo-dev-launcher:extractDeepLinksDebug
> Task :react-native-reanimated:generateDebugResources
> Task :expo-dev-menu:packageDebugResources
> Task :react-native-screens:packageDebugResources
> Task :expo-dev-menu-interface:extractDeepLinksDebug
> Task :expo-dev-menu:extractDeepLinksDebug
> Task :react-native-reanimated:packageDebugResources
> Task :expo-json-utils:extractDeepLinksDebug
> Task :expo-dev-menu-interface:processDebugManifest
> Task :expo:processDebugManifest
> Task :expo-dev-client:processDebugManifest
> Task :expo-dev-launcher:processDebugManifest
> Task :expo-dev-menu:processDebugManifest
> Task :expo-constants:processDebugManifest
> Task :msg91comm_sendotp-react-native:extractDeepLinksDebug
> Task :expo-modules-core:extractDeepLinksDebug
> Task :react-native-cashfree-pg-sdk:extractDeepLinksDebug
> Task :expo-updates-interface:extractDeepLinksDebug
> Task :react-native-async-storage_async-storage:extractDeepLinksDebug
> Task :expo-manifests:extractDeepLinksDebug

> Task :expo-modules-core:processDebugManifest
C:\Users\javed\Desktop\s-gate-Ag\society-frontend\s-gate-master\node_modules\expo-modules-core\android\src\main\AndroidManifest.xml:8:9-11:45 Warning:
	meta-data#com.facebook.soloader.enabled@android:value was tagged at AndroidManifest.xml:8 to replace other declarations but no other declaration present

> Task :app:packageDebugResources
> Task :react-native-cashfree-pg-sdk:processDebugManifest
> Task :expo-manifests:processDebugManifest
> Task :expo-updates-interface:processDebugManifest
> Task :react-native-community_datetimepicker:extractDeepLinksDebug
> Task :react-native-reanimated:extractDeepLinksDebug

> Task :react-native-async-storage_async-storage:processDebugManifest
package="com.reactnativecommunity.asyncstorage" found in source AndroidManifest.xml: C:\Users\javed\Desktop\s-gate-Ag\society-frontend\s-gate-master\node_modules\@react-native-async-storage\async-storage\android\src\main\AndroidManifest.xml.
Setting the namespace via the package attribute in the source AndroidManifest.xml is no longer supported, and the value is ignored.
Recommendation: remove package="com.reactnativecommunity.asyncstorage" from the source AndroidManifest.xml: C:\Users\javed\Desktop\s-gate-Ag\society-frontend\s-gate-master\node_modules\@react-native-async-storage\async-storage\android\src\main\AndroidManifest.xml.

> Task :react-native-gesture-handler:extractDeepLinksDebug
> Task :msg91comm_sendotp-react-native:processDebugManifest
> Task :react-native-safe-area-context:extractDeepLinksDebug
> Task :react-native-screens:extractDeepLinksDebug
> Task :react-native-svg:extractDeepLinksDebug
> Task :react-native-reanimated:processDebugManifest
> Task :react-native-screens:processDebugManifest
> Task :react-native-gesture-handler:processDebugManifest

> Task :react-native-safe-area-context:processDebugManifest
package="com.th3rdwave.safeareacontext" found in source AndroidManifest.xml: C:\Users\javed\Desktop\s-gate-Ag\society-frontend\s-gate-master\node_modules\react-native-safe-area-context\android\src\main\AndroidManifest.xml.
Setting the namespace via the package attribute in the source AndroidManifest.xml is no longer supported, and the value is ignored.
Recommendation: remove package="com.th3rdwave.safeareacontext" from the source AndroidManifest.xml: C:\Users\javed\Desktop\s-gate-Ag\society-frontend\s-gate-master\node_modules\react-native-safe-area-context\android\src\main\AndroidManifest.xml.

> Task :react-native-svg:processDebugManifest
> Task :react-native-community_datetimepicker:processDebugManifest
> Task :react-native-worklets:extractDeepLinksDebug
> Task :react-native-worklets:processDebugManifest
> Task :expo-constants:compileDebugLibraryResources
> Task :expo:compileDebugLibraryResources
> Task :expo-json-utils:processDebugManifest
> Task :expo-dev-client:compileDebugLibraryResources
> Task :expo-dev-menu:compileDebugLibraryResources
> Task :expo-dev-menu-interface:compileDebugLibraryResources
> Task :expo-dev-menu-interface:parseDebugLocalResources
> Task :expo:parseDebugLocalResources
> Task :expo:generateDebugRFile
> Task :expo-dev-client:parseDebugLocalResources
> Task :expo-dev-client:generateDebugRFile
> Task :expo-dev-menu-interface:generateDebugRFile
> Task :expo-manifests:compileDebugLibraryResources
> Task :expo-constants:parseDebugLocalResources
> Task :expo-dev-launcher:parseDebugLocalResources
> Task :expo-json-utils:parseDebugLocalResources
> Task :expo-json-utils:compileDebugLibraryResources
> Task :expo-manifests:parseDebugLocalResources
> Task :expo-constants:generateDebugRFile
> Task :expo-modules-core:compileDebugLibraryResources
> Task :expo-dev-menu:parseDebugLocalResources
> Task :expo-updates-interface:compileDebugLibraryResources
> Task :expo-json-utils:generateDebugRFile
> Task :expo-dev-launcher:generateDebugRFile
> Task :expo-modules-core:parseDebugLocalResources
> Task :expo-updates-interface:parseDebugLocalResources
> Task :expo-dev-menu:generateDebugRFile
> Task :expo-dev-launcher:compileDebugLibraryResources
> Task :msg91comm_sendotp-react-native:compileDebugLibraryResources
> Task :react-native-async-storage_async-storage:compileDebugLibraryResources
> Task :react-native-async-storage_async-storage:parseDebugLocalResources
> Task :react-native-async-storage_async-storage:generateDebugRFile
> Task :react-native-cashfree-pg-sdk:compileDebugLibraryResources
> Task :react-native-cashfree-pg-sdk:parseDebugLocalResources
> Task :app:mapDebugSourceSetPaths
> Task :msg91comm_sendotp-react-native:parseDebugLocalResources
> Task :expo-manifests:generateDebugRFile
> Task :expo-modules-core:generateDebugRFile
> Task :expo-updates-interface:generateDebugRFile
> Task :react-native-safe-area-context:compileDebugLibraryResources
> Task :react-native-reanimated:compileDebugLibraryResources
> Task :react-native-gesture-handler:compileDebugLibraryResources
> Task :react-native-safe-area-context:parseDebugLocalResources
> Task :msg91comm_sendotp-react-native:generateDebugRFile
> Task :react-native-gesture-handler:parseDebugLocalResources
> Task :react-native-cashfree-pg-sdk:generateDebugRFile
> Task :react-native-reanimated:parseDebugLocalResources
> Task :react-native-safe-area-context:generateDebugRFile
> Task :react-native-community_datetimepicker:parseDebugLocalResources
> Task :react-native-community_datetimepicker:compileDebugLibraryResources
> Task :react-native-svg:compileDebugLibraryResources
> Task :react-native-reanimated:generateDebugRFile
> Task :react-native-svg:parseDebugLocalResources
> Task :react-native-worklets:compileDebugLibraryResources
> Task :react-native-screens:compileDebugLibraryResources
> Task :expo:checkKotlinGradlePluginConfigurationErrors SKIPPED
> Task :expo:generateDebugBuildConfig
> Task :expo-constants:checkKotlinGradlePluginConfigurationErrors SKIPPED
> Task :react-native-worklets:parseDebugLocalResources
> Task :react-native-gesture-handler:generateDebugRFile
> Task :expo-modules-core:checkKotlinGradlePluginConfigurationErrors SKIPPED
> Task :expo-constants:generateDebugBuildConfig
> Task :expo-modules-core:generateDebugBuildConfig
> Task :expo-constants:javaPreCompileDebug
> Task :react-native-worklets:generateDebugRFile
> Task :expo-dev-client:checkKotlinGradlePluginConfigurationErrors SKIPPED
> Task :expo-dev-launcher:checkKotlinGradlePluginConfigurationErrors SKIPPED
> Task :app:checkDebugAarMetadata
> Task :expo-dev-menu:checkKotlinGradlePluginConfigurationErrors SKIPPED
> Task :expo-dev-menu:generateDebugBuildConfig
> Task :expo-dev-menu-interface:checkKotlinGradlePluginConfigurationErrors SKIPPED
> Task :expo-dev-menu-interface:generateDebugBuildConfig
> Task :expo-dev-menu-interface:javaPreCompileDebug
> Task :expo-json-utils:checkKotlinGradlePluginConfigurationErrors SKIPPED
> Task :expo-json-utils:generateDebugBuildConfig
> Task :react-native-screens:parseDebugLocalResources
> Task :react-native-screens:generateDebugRFile
> Task :expo-manifests:checkKotlinGradlePluginConfigurationErrors SKIPPED
> Task :expo-manifests:generateDebugBuildConfig
> Task :expo-json-utils:javaPreCompileDebug
> Task :expo-manifests:javaPreCompileDebug
> Task :expo-dev-client:generateDebugBuildConfig
> Task :expo-dev-client:javaPreCompileDebug
> Task :expo-updates-interface:checkKotlinGradlePluginConfigurationErrors SKIPPED
> Task :expo-updates-interface:generateDebugBuildConfig
> Task :expo-dev-client:dataBindingMergeDependencyArtifactsDebug
> Task :expo-dev-menu:javaPreCompileDebug
> Task :react-native-svg:generateDebugRFile
> Task :expo:javaPreCompileDebug
> Task :react-native-async-storage_async-storage:generateDebugBuildConfig
> Task :expo-updates-interface:javaPreCompileDebug
> Task :react-native-async-storage_async-storage:javaPreCompileDebug
> Task :react-native-community_datetimepicker:generateDebugRFile
> Task :react-native-community_datetimepicker:checkKotlinGradlePluginConfigurationErrors SKIPPED
> Task :react-native-community_datetimepicker:generateDebugBuildConfig
> Task :react-native-cashfree-pg-sdk:generateDebugBuildConfig
> Task :react-native-cashfree-pg-sdk:javaPreCompileDebug
> Task :expo-dev-launcher:dataBindingMergeDependencyArtifactsDebug
> Task :msg91comm_sendotp-react-native:dataBindingMergeDependencyArtifactsDebug
> Task :expo-dev-client:dataBindingGenBaseClassesDebug
> Task :react-native-gesture-handler:checkKotlinGradlePluginConfigurationErrors SKIPPED
> Task :react-native-gesture-handler:generateDebugBuildConfig
> Task :react-native-reanimated:generateDebugBuildConfig
> Task :react-native-reanimated:javaPreCompileDebug
> Task :react-native-worklets:generateDebugBuildConfig
> Task :react-native-worklets:javaPreCompileDebug
> Task :msg91comm_sendotp-react-native:dataBindingGenBaseClassesDebug
> Task :msg91comm_sendotp-react-native:generateDebugBuildConfig
> Task :msg91comm_sendotp-react-native:javaPreCompileDebug
> Task :expo-dev-launcher:dataBindingGenBaseClassesDebug
> Task :expo-modules-core:javaPreCompileDebug
> Task :expo-dev-launcher:generateDebugBuildConfig
> Task :expo-dev-launcher:checkApolloVersions
> Task :expo-dev-launcher:generateServiceApolloOptions

> Task :expo-dev-launcher:generateServiceApolloSources
w: C:\Users\javed\Desktop\s-gate-Ag\society-frontend\s-gate-master\node_modules\expo-dev-launcher\android\src\main\graphql\GetBranches.graphql: (21, 11): Apollo: Use of deprecated field `runtimeVersion`
w: C:\Users\javed\Desktop\s-gate-Ag\society-frontend\s-gate-master\node_modules\expo-dev-launcher\android\src\main\graphql\GetBranches.graphql: (34, 3): Apollo: Variable `platform` is unused
w: C:\Users\javed\Desktop\s-gate-Ag\society-frontend\s-gate-master\node_modules\expo-dev-launcher\android\src\main\graphql\GetUpdates.graphql: (14, 11): Apollo: Use of deprecated field `runtimeVersion`

> Task :expo-dev-launcher:javaPreCompileDebug
> Task :react-native-community_datetimepicker:javaPreCompileDebug
> Task :react-native-svg:generateDebugBuildConfig
> Task :react-native-svg:javaPreCompileDebug

> Task :msg91comm_sendotp-react-native:compileDebugJavaWithJavac
Note: Some input files use or override a deprecated API.
Note: Recompile with -Xlint:deprecation for details.

> Task :msg91comm_sendotp-react-native:bundleLibCompileToJarDebug
> Task :react-native-gesture-handler:javaPreCompileDebug
> Task :react-native-safe-area-context:checkKotlinGradlePluginConfigurationErrors SKIPPED
> Task :react-native-safe-area-context:generateDebugBuildConfig

> Task :react-native-worklets:compileDebugJavaWithJavac
Note: C:\Users\javed\Desktop\s-gate-Ag\society-frontend\s-gate-master\node_modules\react-native-worklets\android\src\main\java\com\swmansion\worklets\WorkletsPackage.java uses unchecked or unsafe operations.
Note: Recompile with -Xlint:unchecked for details.

> Task :react-native-worklets:bundleLibCompileToJarDebug

> Task :react-native-cashfree-pg-sdk:compileDebugJavaWithJavac
Note: Some input files use or override a deprecated API.
Note: Recompile with -Xlint:deprecation for details.

> Task :react-native-cashfree-pg-sdk:bundleLibCompileToJarDebug

> Task :react-native-async-storage_async-storage:compileDebugJavaWithJavac
Note: Some input files use or override a deprecated API.
Note: Recompile with -Xlint:deprecation for details.
Note: C:\Users\javed\Desktop\s-gate-Ag\society-frontend\s-gate-master\node_modules\@react-native-async-storage\async-storage\android\src\javaPackage\java\com\reactnativecommunity\asyncstorage\AsyncStoragePackage.java uses unchecked or unsafe operations.
Note: Recompile with -Xlint:unchecked for details.

> Task :react-native-safe-area-context:javaPreCompileDebug
> Task :react-native-screens:checkKotlinGradlePluginConfigurationErrors SKIPPED
> Task :react-native-screens:generateDebugBuildConfig
> Task :react-native-async-storage_async-storage:bundleLibCompileToJarDebug
> Task :expo:mergeDebugShaders
> Task :expo:compileDebugShaders NO-SOURCE
> Task :expo:generateDebugAssets UP-TO-DATE
> Task :expo:mergeDebugAssets
> Task :expo-constants:mergeDebugShaders
> Task :expo-constants:compileDebugShaders NO-SOURCE
> Task :expo-constants:generateDebugAssets UP-TO-DATE
> Task :expo-constants:mergeDebugAssets
> Task :expo-dev-client:mergeDebugShaders
> Task :expo-dev-client:compileDebugShaders NO-SOURCE
> Task :expo-dev-client:generateDebugAssets UP-TO-DATE
> Task :expo-dev-client:mergeDebugAssets
> Task :expo-dev-launcher:mergeDebugShaders
> Task :expo-dev-launcher:compileDebugShaders NO-SOURCE
> Task :expo-dev-launcher:generateDebugAssets UP-TO-DATE
> Task :expo-dev-launcher:mergeDebugAssets
> Task :expo-dev-menu:mergeDebugShaders
> Task :expo-dev-menu:compileDebugShaders NO-SOURCE
> Task :react-native-screens:javaPreCompileDebug
> Task :expo-dev-menu:generateDebugAssets UP-TO-DATE
> Task :expo-dev-menu:mergeDebugAssets
> Task :expo-dev-menu-interface:mergeDebugShaders
> Task :expo-dev-menu-interface:compileDebugShaders NO-SOURCE
> Task :expo-dev-menu-interface:generateDebugAssets UP-TO-DATE
> Task :expo-dev-menu-interface:mergeDebugAssets
> Task :expo-json-utils:mergeDebugShaders
> Task :expo-json-utils:compileDebugShaders NO-SOURCE
> Task :expo-json-utils:generateDebugAssets UP-TO-DATE
> Task :expo-json-utils:mergeDebugAssets
> Task :expo-manifests:mergeDebugShaders
> Task :expo-manifests:compileDebugShaders NO-SOURCE
> Task :expo-manifests:generateDebugAssets UP-TO-DATE
> Task :expo-manifests:mergeDebugAssets
> Task :expo-modules-core:mergeDebugShaders
> Task :expo-modules-core:compileDebugShaders NO-SOURCE
> Task :expo-modules-core:generateDebugAssets UP-TO-DATE
> Task :expo-modules-core:mergeDebugAssets
> Task :expo-updates-interface:mergeDebugShaders
> Task :expo-updates-interface:compileDebugShaders NO-SOURCE
> Task :expo-updates-interface:generateDebugAssets UP-TO-DATE
> Task :expo-updates-interface:mergeDebugAssets
> Task :msg91comm_sendotp-react-native:mergeDebugShaders
> Task :msg91comm_sendotp-react-native:compileDebugShaders NO-SOURCE
> Task :msg91comm_sendotp-react-native:generateDebugAssets UP-TO-DATE
> Task :msg91comm_sendotp-react-native:mergeDebugAssets
> Task :react-native-async-storage_async-storage:mergeDebugShaders
> Task :react-native-async-storage_async-storage:compileDebugShaders NO-SOURCE
> Task :react-native-async-storage_async-storage:generateDebugAssets UP-TO-DATE
> Task :react-native-async-storage_async-storage:mergeDebugAssets
> Task :react-native-cashfree-pg-sdk:mergeDebugShaders
> Task :react-native-cashfree-pg-sdk:compileDebugShaders NO-SOURCE
> Task :react-native-cashfree-pg-sdk:generateDebugAssets UP-TO-DATE
> Task :react-native-cashfree-pg-sdk:mergeDebugAssets
> Task :react-native-community_datetimepicker:mergeDebugShaders
> Task :react-native-community_datetimepicker:compileDebugShaders NO-SOURCE
> Task :react-native-community_datetimepicker:generateDebugAssets UP-TO-DATE
> Task :react-native-community_datetimepicker:mergeDebugAssets
> Task :react-native-gesture-handler:mergeDebugShaders
> Task :react-native-gesture-handler:compileDebugShaders NO-SOURCE
> Task :react-native-gesture-handler:generateDebugAssets UP-TO-DATE
> Task :react-native-gesture-handler:mergeDebugAssets
> Task :react-native-safe-area-context:mergeDebugShaders
> Task :react-native-safe-area-context:compileDebugShaders NO-SOURCE
> Task :react-native-safe-area-context:generateDebugAssets UP-TO-DATE
> Task :react-native-safe-area-context:mergeDebugAssets
> Task :react-native-screens:mergeDebugShaders
> Task :react-native-screens:compileDebugShaders NO-SOURCE
> Task :react-native-screens:generateDebugAssets UP-TO-DATE
> Task :react-native-screens:mergeDebugAssets
> Task :react-native-worklets:mergeDebugShaders

> Task :react-native-reanimated:compileDebugJavaWithJavac
Note: Some input files use or override a deprecated API.
Note: Recompile with -Xlint:deprecation for details.
Note: Some input files use unchecked or unsafe operations.
Note: Recompile with -Xlint:unchecked for details.

> Task :react-native-worklets:compileDebugShaders NO-SOURCE
> Task :react-native-worklets:generateDebugAssets UP-TO-DATE
> Task :react-native-worklets:mergeDebugAssets
> Task :react-native-worklets:bundleLibRuntimeToJarDebug
> Task :msg91comm_sendotp-react-native:bundleLibRuntimeToJarDebug
> Task :react-native-reanimated:bundleLibCompileToJarDebug
> Task :react-native-reanimated:mergeDebugShaders
> Task :react-native-reanimated:compileDebugShaders NO-SOURCE
> Task :react-native-reanimated:generateDebugAssets UP-TO-DATE
> Task :react-native-reanimated:mergeDebugAssets
> Task :react-native-reanimated:bundleLibRuntimeToJarDebug
> Task :react-native-async-storage_async-storage:bundleLibRuntimeToJarDebug

> Task :react-native-svg:compileDebugJavaWithJavac
Note: Some input files use or override a deprecated API.
Note: Recompile with -Xlint:deprecation for details.
Note: Some input files use unchecked or unsafe operations.
Note: Recompile with -Xlint:unchecked for details.

> Task :react-native-svg:bundleLibCompileToJarDebug
> Task :app:createDebugCompatibleScreenManifests
> Task :app:extractDeepLinksDebug
> Task :app:parseDebugLocalResources
> Task :react-native-svg:mergeDebugShaders
> Task :react-native-svg:compileDebugShaders NO-SOURCE
> Task :react-native-svg:generateDebugAssets UP-TO-DATE
> Task :react-native-svg:mergeDebugAssets
> Task :app:mergeDebugResources
> Task :react-native-cashfree-pg-sdk:bundleLibRuntimeToJarDebug

> Task :app:processDebugMainManifest
C:\Users\javed\Desktop\s-gate-Ag\society-frontend\s-gate-master\android\app\src\debug\AndroidManifest.xml:6:5-162 Warning:
	application@android:usesCleartextTraffic was tagged at AndroidManifest.xml:6 to replace other declarations but no other declaration present
C:\Users\javed\Desktop\s-gate-Ag\society-frontend\s-gate-master\android\app\src\debug\AndroidManifest.xml Warning:
	activity#expo.modules.imagepicker.ExpoCropImageActivity@android:exported was tagged at AndroidManifest.xml:0 to replace other declarations but no other declaration present
C:\Users\javed\Desktop\s-gate-Ag\society-frontend\s-gate-master\android\app\src\debug\AndroidManifest.xml Warning:
	provider#expo.modules.filesystem.FileSystemFileProvider@android:authorities was tagged at AndroidManifest.xml:0 to replace other declarations but no other declaration present

> Task :react-native-svg:bundleLibRuntimeToJarDebug
> Task :app:processDebugManifest
> Task :app:processDebugManifestForPackage
> Task :msg91comm_sendotp-react-native:processDebugJavaRes NO-SOURCE
> Task :react-native-async-storage_async-storage:processDebugJavaRes NO-SOURCE
> Task :react-native-cashfree-pg-sdk:processDebugJavaRes NO-SOURCE
> Task :react-native-reanimated:processDebugJavaRes NO-SOURCE
> Task :react-native-svg:processDebugJavaRes NO-SOURCE
> Task :react-native-worklets:processDebugJavaRes NO-SOURCE
> Task :expo-modules-core:compileDebugKotlin
> Task :expo:mergeDebugJniLibFolders
> Task :app:javaPreCompileDebug
> Task :app:mergeDebugShaders
> Task :app:compileDebugShaders NO-SOURCE
> Task :app:generateDebugAssets UP-TO-DATE
> Task :react-native-community_datetimepicker:compileDebugKotlin
> Task :app:mergeDebugAssets
> Task :app:compressDebugAssets
> Task :app:desugarDebugFileDependencies

> Task :react-native-community_datetimepicker:compileDebugKotlin
w: file:///C:/Users/javed/Desktop/s-gate-Ag/society-frontend/s-gate-master/node_modules/@react-native-community/datetimepicker/android/src/main/java/com/reactcommunity/rndatetimepicker/MaterialDatePickerModule.kt:21:20 'val currentActivity: Activity?' is deprecated. Deprecated in 0.80.0. Use getReactApplicationContext.getCurrentActivity() instead.
w: file:///C:/Users/javed/Desktop/s-gate-Ag/society-frontend/s-gate-master/node_modules/@react-native-community/datetimepicker/android/src/main/java/com/reactcommunity/rndatetimepicker/MaterialDatePickerModule.kt:21:20 This synthetic property is based on the getter function 'fun getCurrentActivity(): Activity?' from Kotlin. In the future, synthetic properties will be available only if the base getter function came from Java. Consider replacing this property access with a 'getCurrentActivity()' function call.
w: file:///C:/Users/javed/Desktop/s-gate-Ag/society-frontend/s-gate-master/node_modules/@react-native-community/datetimepicker/android/src/main/java/com/reactcommunity/rndatetimepicker/MaterialDatePickerModule.kt:26:20 'val currentActivity: Activity?' is deprecated. Deprecated in 0.80.0. Use getReactApplicationContext.getCurrentActivity() instead.
w: file:///C:/Users/javed/Desktop/s-gate-Ag/society-frontend/s-gate-master/node_modules/@react-native-community/datetimepicker/android/src/main/java/com/reactcommunity/rndatetimepicker/MaterialDatePickerModule.kt:26:20 This synthetic property is based on the getter function 'fun getCurrentActivity(): Activity?' from Kotlin. In the future, synthetic properties will be available only if the base getter function came from Java. Consider replacing this property access with a 'getCurrentActivity()' function call.
w: file:///C:/Users/javed/Desktop/s-gate-Ag/society-frontend/s-gate-master/node_modules/@react-native-community/datetimepicker/android/src/main/java/com/reactcommunity/rndatetimepicker/MaterialTimePickerModule.kt:22:20 'val currentActivity: Activity?' is deprecated. Deprecated in 0.80.0. Use getReactApplicationContext.getCurrentActivity() instead.
w: file:///C:/Users/javed/Desktop/s-gate-Ag/society-frontend/s-gate-master/node_modules/@react-native-community/datetimepicker/android/src/main/java/com/reactcommunity/rndatetimepicker/MaterialTimePickerModule.kt:22:20 This synthetic property is based on the getter function 'fun getCurrentActivity(): Activity?' from Kotlin. In the future, synthetic properties will be available only if the base getter function came from Java. Consider replacing this property access with a 'getCurrentActivity()' function call.
w: file:///C:/Users/javed/Desktop/s-gate-Ag/society-frontend/s-gate-master/node_modules/@react-native-community/datetimepicker/android/src/main/java/com/reactcommunity/rndatetimepicker/MaterialTimePickerModule.kt:27:20 'val currentActivity: Activity?' is deprecated. Deprecated in 0.80.0. Use getReactApplicationContext.getCurrentActivity() instead.
w: file:///C:/Users/javed/Desktop/s-gate-Ag/society-frontend/s-gate-master/node_modules/@react-native-community/datetimepicker/android/src/main/java/com/reactcommunity/rndatetimepicker/MaterialTimePickerModule.kt:27:20 This synthetic property is based on the getter function 'fun getCurrentActivity(): Activity?' from Kotlin. In the future, synthetic properties will be available only if the base getter function came from Java. Consider replacing this property access with a 'getCurrentActivity()' function call.

> Task :app:checkDebugDuplicateClasses
> Task :react-native-safe-area-context:compileDebugKotlin
> Task :react-native-screens:compileDebugKotlin
> Task :react-native-gesture-handler:compileDebugKotlin
w: file:///C:/Users/javed/Desktop/s-gate-Ag/society-frontend/s-gate-master/node_modules/react-native-gesture-handler/android/src/main/java/com/swmansion/gesturehandler/react/RNGestureHandlerRootView.kt:41:43 The corresponding parameter in the supertype 'ReactViewGroup' is named 'ev'. This may cause problems when calling this function with named arguments.

> Task :app:processDebugResources
> Task :react-native-worklets:configureCMakeDebug[arm64-v8a]
> Task :react-native-community_datetimepicker:compileDebugJavaWithJavac
> Task :app:mergeExtDexDebug
> Task :react-native-gesture-handler:compileDebugJavaWithJavac

> Task :react-native-safe-area-context:compileDebugKotlin
w: file:///C:/Users/javed/Desktop/s-gate-Ag/society-frontend/s-gate-master/node_modules/react-native-safe-area-context/android/src/main/java/com/th3rdwave/safeareacontext/SafeAreaView.kt:59:23 'val uiImplementation: UIImplementation!' is deprecated. Deprecated in Java.

> Task :react-native-community_datetimepicker:compileDebugJavaWithJavac
Note: Some input files use or override a deprecated API.
Note: Recompile with -Xlint:deprecation for details.

> Task :expo-modules-core:compileDebugKotlin
w: file:///C:/Users/javed/Desktop/s-gate-Ag/society-frontend/s-gate-master/node_modules/expo-modules-core/android/src/main/java/expo/modules/adapters/react/apploader/RNHeadlessAppLoader.kt:48:87 'val reactNativeHost: ReactNativeHost' is deprecated. You should not use ReactNativeHost directly in the New Architecture. Use ReactHost instead.
w: file:///C:/Users/javed/Desktop/s-gate-Ag/society-frontend/s-gate-master/node_modules/expo-modules-core/android/src/main/java/expo/modules/adapters/react/apploader/RNHeadlessAppLoader.kt:91:85 'val reactNativeHost: ReactNativeHost' is deprecated. You should not use ReactNativeHost directly in the New Architecture. Use ReactHost instead.
w: file:///C:/Users/javed/Desktop/s-gate-Ag/society-frontend/s-gate-master/node_modules/expo-modules-core/android/src/main/java/expo/modules/adapters/react/apploader/RNHeadlessAppLoader.kt:120:83 'val reactNativeHost: ReactNativeHost' is deprecated. You should not use ReactNativeHost directly in the New Architecture. Use ReactHost instead.
w: file:///C:/Users/javed/Desktop/s-gate-Ag/society-frontend/s-gate-master/node_modules/expo-modules-core/android/src/main/java/expo/modules/apploader/AppLoaderProvider.kt:34:52 Unchecked cast of 'Class<*>!' to 'Class<out HeadlessAppLoader>'.
w: file:///C:/Users/javed/Desktop/s-gate-Ag/society-frontend/s-gate-master/node_modules/expo-modules-core/android/src/main/java/expo/modules/kotlin/AppContext.kt:30:8 'typealias ErrorManagerModule = JSLoggerModule' is deprecated. Use JSLoggerModule instead.
w: file:///C:/Users/javed/Desktop/s-gate-Ag/society-frontend/s-gate-master/node_modules/expo-modules-core/android/src/main/java/expo/modules/kotlin/AppContext.kt:253:21 'typealias ErrorManagerModule = JSLoggerModule' is deprecated. Use JSLoggerModule instead.
w: file:///C:/Users/javed/Desktop/s-gate-Ag/society-frontend/s-gate-master/node_modules/expo-modules-core/android/src/main/java/expo/modules/kotlin/AppContext.kt:343:21 'val DEFAULT: Int' is deprecated. UIManagerType.DEFAULT will be deleted in the next release of React Native. Use [LEGACY] instead.
w: file:///C:/Users/javed/Desktop/s-gate-Ag/society-frontend/s-gate-master/node_modules/expo-modules-core/android/src/main/java/expo/modules/kotlin/defaultmodules/NativeModulesProxyModule.kt:16:5 'fun Constants(legacyConstantsProvider: () -> Map<String, Any?>): Unit' is deprecated. Use `Constant` or `Property` instead.
w: file:///C:/Users/javed/Desktop/s-gate-Ag/society-frontend/s-gate-master/node_modules/expo-modules-core/android/src/main/java/expo/modules/kotlin/jni/PromiseImpl.kt:65:51 'val errorManager: JSLoggerModule?' is deprecated. Use AppContext.jsLogger instead.
w: file:///C:/Users/javed/Desktop/s-gate-Ag/society-frontend/s-gate-master/node_modules/expo-modules-core/android/src/main/java/expo/modules/kotlin/jni/PromiseImpl.kt:69:22 'fun reportExceptionToLogBox(codedException: CodedException): Unit' is deprecated. Use appContext.jsLogger.error(...) instead.
w: file:///C:/Users/javed/Desktop/s-gate-Ag/society-frontend/s-gate-master/node_modules/expo-modules-core/android/src/main/java/expo/modules/kotlin/views/ViewDefinitionBuilder.kt:464:16 'val errorManager: JSLoggerModule?' is deprecated. Use AppContext.jsLogger instead.
w: file:///C:/Users/javed/Desktop/s-gate-Ag/society-frontend/s-gate-master/node_modules/expo-modules-core/android/src/main/java/expo/modules/kotlin/views/ViewDefinitionBuilder.kt:464:30 'fun reportExceptionToLogBox(codedException: CodedException): Unit' is deprecated. Use appContext.jsLogger.error(...) instead.
w: file:///C:/Users/javed/Desktop/s-gate-Ag/society-frontend/s-gate-master/node_modules/expo-modules-core/android/src/main/java/expo/modules/kotlin/views/ViewManagerDefinition.kt:41:16 'val errorManager: JSLoggerModule?' is deprecated. Use AppContext.jsLogger instead.
w: file:///C:/Users/javed/Desktop/s-gate-Ag/society-frontend/s-gate-master/node_modules/expo-modules-core/android/src/main/java/expo/modules/kotlin/views/ViewManagerDefinition.kt:41:30 'fun reportExceptionToLogBox(codedException: CodedException): Unit' is deprecated. Use appContext.jsLogger.error(...) instead.

> Task :expo:mergeDebugNativeLibs NO-SOURCE
> Task :expo:copyDebugJniLibsProjectOnly
> Task :expo-constants:mergeDebugJniLibFolders
> Task :expo-constants:mergeDebugNativeLibs NO-SOURCE
> Task :expo-constants:copyDebugJniLibsProjectOnly
> Task :react-native-community_datetimepicker:bundleLibRuntimeToJarDebug
> Task :react-native-community_datetimepicker:bundleLibCompileToJarDebug
> Task :react-native-community_datetimepicker:processDebugJavaRes
> Task :react-native-gesture-handler:processDebugJavaRes
> Task :app:mergeDebugJniLibFolders
> Task :expo-dev-client:mergeDebugJniLibFolders
> Task :expo-dev-client:mergeDebugNativeLibs NO-SOURCE
> Task :expo-dev-client:copyDebugJniLibsProjectOnly
> Task :expo-dev-launcher:mergeDebugJniLibFolders
> Task :expo-dev-launcher:mergeDebugNativeLibs NO-SOURCE
> Task :expo-dev-launcher:copyDebugJniLibsProjectOnly
> Task :expo-dev-menu:mergeDebugJniLibFolders
> Task :expo-dev-menu:mergeDebugNativeLibs NO-SOURCE
> Task :expo-dev-menu:copyDebugJniLibsProjectOnly
> Task :expo-dev-menu-interface:mergeDebugJniLibFolders
> Task :expo-dev-menu-interface:mergeDebugNativeLibs NO-SOURCE
> Task :expo-dev-menu-interface:copyDebugJniLibsProjectOnly
> Task :expo-json-utils:mergeDebugJniLibFolders
> Task :expo-json-utils:mergeDebugNativeLibs NO-SOURCE
> Task :expo-json-utils:copyDebugJniLibsProjectOnly
> Task :expo-manifests:mergeDebugJniLibFolders
> Task :expo-manifests:mergeDebugNativeLibs NO-SOURCE
> Task :react-native-gesture-handler:bundleLibCompileToJarDebug
> Task :expo-updates-interface:mergeDebugJniLibFolders
> Task :expo-updates-interface:mergeDebugNativeLibs NO-SOURCE
> Task :expo-manifests:copyDebugJniLibsProjectOnly
> Task :expo-updates-interface:copyDebugJniLibsProjectOnly
> Task :msg91comm_sendotp-react-native:mergeDebugJniLibFolders
> Task :msg91comm_sendotp-react-native:mergeDebugNativeLibs NO-SOURCE
> Task :react-native-async-storage_async-storage:mergeDebugJniLibFolders
> Task :msg91comm_sendotp-react-native:copyDebugJniLibsProjectOnly
> Task :react-native-async-storage_async-storage:mergeDebugNativeLibs NO-SOURCE
> Task :react-native-async-storage_async-storage:copyDebugJniLibsProjectOnly
> Task :react-native-cashfree-pg-sdk:mergeDebugJniLibFolders
> Task :react-native-cashfree-pg-sdk:mergeDebugNativeLibs NO-SOURCE
> Task :react-native-community_datetimepicker:mergeDebugJniLibFolders
> Task :react-native-community_datetimepicker:mergeDebugNativeLibs NO-SOURCE
> Task :react-native-cashfree-pg-sdk:copyDebugJniLibsProjectOnly
> Task :react-native-community_datetimepicker:copyDebugJniLibsProjectOnly
> Task :react-native-gesture-handler:mergeDebugJniLibFolders
> Task :react-native-reanimated:mergeDebugJniLibFolders
> Task :react-native-svg:mergeDebugJniLibFolders
> Task :react-native-svg:mergeDebugNativeLibs NO-SOURCE
> Task :react-native-svg:copyDebugJniLibsProjectOnly
> Task :app:validateSigningDebug
> Task :app:writeDebugAppMetadata
> Task :app:writeDebugSigningConfigVersions

> Task :expo-modules-core:compileDebugJavaWithJavac
Note: Some input files use or override a deprecated API.
Note: Recompile with -Xlint:deprecation for details.

> Task :react-native-gesture-handler:bundleLibRuntimeToJarDebug
> Task :expo-modules-core:processDebugJavaRes
> Task :expo-modules-core:bundleLibCompileToJarDebug
> Task :react-native-worklets:configureCMakeDebug[armeabi-v7a]
> Task :react-native-safe-area-context:compileDebugJavaWithJavac
> Task :expo-modules-core:bundleLibRuntimeToJarDebug
> Task :react-native-safe-area-context:processDebugJavaRes
> Task :react-native-safe-area-context:mergeDebugJniLibFolders
> Task :react-native-safe-area-context:mergeDebugNativeLibs NO-SOURCE
> Task :react-native-safe-area-context:copyDebugJniLibsProjectOnly
> Task :react-native-safe-area-context:bundleLibCompileToJarDebug
> Task :react-native-safe-area-context:bundleLibRuntimeToJarDebug
> Task :react-native-screens:configureCMakeDebug[arm64-v8a]
> Task :react-native-worklets:generateJsonModelDebug
> Task :react-native-worklets:prefabDebugConfigurePackage UP-TO-DATE
> Task :expo-modules-core:configureCMakeDebug[arm64-v8a]
> Task :expo-dev-client:compileDebugKotlin NO-SOURCE

> Task :expo-constants:compileDebugKotlin
w: file:///C:/Users/javed/Desktop/s-gate-Ag/society-frontend/s-gate-master/node_modules/expo-constants/android/src/main/java/expo/modules/constants/ConstantsModule.kt:12:5 'fun Constants(legacyConstantsProvider: () -> Map<String, Any?>): Unit' is deprecated. Use `Constant` or `Property` instead.

> Task :react-native-reanimated:configureCMakeDebug[arm64-v8a]
> Task :react-native-worklets:buildCMakeDebug[arm64-v8a][worklets]
> Task :react-native-screens:buildCMakeDebug[arm64-v8a]
> Task :expo-dev-client:compileDebugJavaWithJavac
> Task :expo-dev-client:bundleLibCompileToJarDebug
> Task :expo-dev-menu-interface:compileDebugKotlin
> Task :expo-json-utils:compileDebugKotlin
> Task :expo-constants:compileDebugJavaWithJavac
> Task :expo-constants:bundleLibCompileToJarDebug
> Task :expo-constants:bundleLibRuntimeToJarDebug
> Task :expo-dev-client:bundleLibRuntimeToJarDebug
> Task :expo-updates-interface:compileDebugKotlin

> Task :expo-dev-menu-interface:compileDebugKotlin
w: file:///C:/Users/javed/Desktop/s-gate-Ag/society-frontend/s-gate-master/node_modules/expo-dev-menu-interface/android/src/main/java/expo/interfaces/devmenu/DevMenuInterfacePackage.kt:14:16 This declaration overrides a deprecated member but is not marked as deprecated itself. Add the '@Deprecated' annotation or suppress the diagnostic.
w: file:///C:/Users/javed/Desktop/s-gate-Ag/society-frontend/s-gate-master/node_modules/expo-dev-menu-interface/android/src/main/java/expo/interfaces/devmenu/ReactHostWrapper.kt:5:8 'class ReactNativeHost : Any' is deprecated. Deprecated in Java.
w: file:///C:/Users/javed/Desktop/s-gate-Ag/society-frontend/s-gate-master/node_modules/expo-dev-menu-interface/android/src/main/java/expo/interfaces/devmenu/ReactHostWrapper.kt:19:41 'class ReactNativeHost : Any' is deprecated. Deprecated in Java.
w: file:///C:/Users/javed/Desktop/s-gate-Ag/society-frontend/s-gate-master/node_modules/expo-dev-menu-interface/android/src/main/java/expo/interfaces/devmenu/ReactHostWrapper.kt:20:33 'class ReactNativeHost : Any' is deprecated. Deprecated in Java.

> Task :expo-dev-client:processDebugJavaRes NO-SOURCE
> Task :expo-constants:processDebugJavaRes
> Task :expo-json-utils:compileDebugJavaWithJavac
> Task :expo-json-utils:bundleLibCompileToJarDebug

> Task :expo-manifests:compileDebugKotlin
w: file:///C:/Users/javed/Desktop/s-gate-Ag/society-frontend/s-gate-master/node_modules/expo-manifests/android/src/main/java/expo/modules/manifests/core/EmbeddedManifest.kt:19:16 This declaration overrides a deprecated member but is not marked as deprecated itself. Add the '@Deprecated' annotation or suppress the diagnostic.
w: file:///C:/Users/javed/Desktop/s-gate-Ag/society-frontend/s-gate-master/node_modules/expo-manifests/android/src/main/java/expo/modules/manifests/core/EmbeddedManifest.kt:19:86 'fun getLegacyID(): String' is deprecated. Prefer scopeKey or projectId depending on use case.
w: file:///C:/Users/javed/Desktop/s-gate-Ag/society-frontend/s-gate-master/node_modules/expo-manifests/android/src/main/java/expo/modules/manifests/core/ExpoUpdatesManifest.kt:16:16 This declaration overrides a deprecated member but is not marked as deprecated itself. Add the '@Deprecated' annotation or suppress the diagnostic.
w: file:///C:/Users/javed/Desktop/s-gate-Ag/society-frontend/s-gate-master/node_modules/expo-manifests/android/src/main/java/expo/modules/manifests/core/Manifest.kt:13:3 Deprecations and opt-ins on a method overridden from 'Any' may not be reported.
w: file:///C:/Users/javed/Desktop/s-gate-Ag/society-frontend/s-gate-master/node_modules/expo-manifests/android/src/main/java/expo/modules/manifests/core/Manifest.kt:15:12 'fun getRawJson(): JSONObject' is deprecated. Prefer to use specific field getters.

> Task :expo-manifests:compileDebugJavaWithJavac
> Task :expo-manifests:bundleLibCompileToJarDebug
> Task :expo-json-utils:bundleLibRuntimeToJarDebug
> Task :expo-manifests:bundleLibRuntimeToJarDebug
> Task :expo-json-utils:processDebugJavaRes
> Task :expo-manifests:processDebugJavaRes
> Task :expo-dev-menu-interface:compileDebugJavaWithJavac
> Task :expo-dev-menu-interface:bundleLibCompileToJarDebug
> Task :expo-dev-menu-interface:bundleLibRuntimeToJarDebug
> Task :expo-dev-menu-interface:processDebugJavaRes
> Task :expo-updates-interface:compileDebugJavaWithJavac
> Task :expo-updates-interface:bundleLibCompileToJarDebug
> Task :expo-updates-interface:bundleLibRuntimeToJarDebug
> Task :expo-updates-interface:processDebugJavaRes
> Task :expo-modules-core:buildCMakeDebug[arm64-v8a]
> Task :react-native-screens:configureCMakeDebug[armeabi-v7a]
> Task :expo-dev-menu:compileDebugKotlin
> Task :react-native-worklets:buildCMakeDebug[armeabi-v7a][worklets]
> Task :react-native-screens:buildCMakeDebug[armeabi-v7a]
> Task :react-native-screens:mergeDebugJniLibFolders
> Task :react-native-screens:mergeDebugNativeLibs
> Task :react-native-screens:copyDebugJniLibsProjectOnly

> Task :react-native-screens:compileDebugKotlin
w: file:///C:/Users/javed/Desktop/s-gate-Ag/society-frontend/s-gate-master/node_modules/react-native-screens/android/src/main/java/com/swmansion/rnscreens/RNScreensPackage.kt:56:9 The corresponding parameter in the supertype 'BaseReactPackage' is named 'name'. This may cause problems when calling this function with named arguments.
w: file:///C:/Users/javed/Desktop/s-gate-Ag/society-frontend/s-gate-master/node_modules/react-native-screens/android/src/main/java/com/swmansion/rnscreens/RNScreensPackage.kt:57:9 The corresponding parameter in the supertype 'BaseReactPackage' is named 'reactContext'. This may cause problems when calling this function with named arguments.
w: file:///C:/Users/javed/Desktop/s-gate-Ag/society-frontend/s-gate-master/node_modules/react-native-screens/android/src/main/java/com/swmansion/rnscreens/RNScreensPackage.kt:70:17 'constructor(name: String, className: String, canOverrideExistingModule: Boolean, needsEagerInit: Boolean, hasConstants: Boolean, isCxxModule: Boolean, isTurboModule: Boolean): ReactModuleInfo' is deprecated. This constructor is deprecated and will be removed in the future. Use ReactModuleInfo(String, String, boolean, boolean, boolean, boolean)].
w: file:///C:/Users/javed/Desktop/s-gate-Ag/society-frontend/s-gate-master/node_modules/react-native-screens/android/src/main/java/com/swmansion/rnscreens/Screen.kt:48:77 Unchecked cast of '(CoordinatorLayout.Behavior<View!>?..CoordinatorLayout.Behavior<*>?)' to 'BottomSheetBehavior<Screen>'.
w: file:///C:/Users/javed/Desktop/s-gate-Ag/society-frontend/s-gate-master/node_modules/react-native-screens/android/src/main/java/com/swmansion/rnscreens/Screen.kt:383:36 'fun setTranslucent(screen: Screen, activity: Activity?, context: ReactContext?): Unit' is deprecated. For apps targeting SDK 35 or above this prop has no effect because edge-to-edge is enabled by default and the status bar is always translucent.
w: file:///C:/Users/javed/Desktop/s-gate-Ag/society-frontend/s-gate-master/node_modules/react-native-screens/android/src/main/java/com/swmansion/rnscreens/Screen.kt:402:36 'fun setColor(screen: Screen, activity: Activity?, context: ReactContext?): Unit' is deprecated. For apps targeting SDK 35 or above this prop has no effect because edge-to-edge is enabled by default and the status bar is always translucent.
w: file:///C:/Users/javed/Desktop/s-gate-Ag/society-frontend/s-gate-master/node_modules/react-native-screens/android/src/main/java/com/swmansion/rnscreens/Screen.kt:420:36 'fun setNavigationBarColor(screen: Screen, activity: Activity?): Unit' is deprecated. For all apps targeting Android SDK 35 or above edge-to-edge is enabled by default.
w: file:///C:/Users/javed/Desktop/s-gate-Ag/society-frontend/s-gate-master/node_modules/react-native-screens/android/src/main/java/com/swmansion/rnscreens/Screen.kt:437:36 'fun setNavigationBarTranslucent(screen: Screen, activity: Activity?): Unit' is deprecated. For all apps targeting Android SDK 35 or above edge-to-edge is enabled by default.
w: file:///C:/Users/javed/Desktop/s-gate-Ag/society-frontend/s-gate-master/node_modules/react-native-screens/android/src/main/java/com/swmansion/rnscreens/ScreenStackFragment.kt:217:31 'var targetElevation: Float' is deprecated. Deprecated in Java.
w: file:///C:/Users/javed/Desktop/s-gate-Ag/society-frontend/s-gate-master/node_modules/react-native-screens/android/src/main/java/com/swmansion/rnscreens/ScreenStackFragment.kt:220:13 'fun setHasOptionsMenu(p0: Boolean): Unit' is deprecated. Deprecated in Java.
w: file:///C:/Users/javed/Desktop/s-gate-Ag/society-frontend/s-gate-master/node_modules/react-native-screens/android/src/main/java/com/swmansion/rnscreens/ScreenStackFragment.kt:397:18 This declaration overrides a deprecated member but is not marked as deprecated itself. Add the '@Deprecated' annotation or suppress the diagnostic.
w: file:///C:/Users/javed/Desktop/s-gate-Ag/society-frontend/s-gate-master/node_modules/react-native-screens/android/src/main/java/com/swmansion/rnscreens/ScreenStackFragment.kt:404:22 'fun onPrepareOptionsMenu(p0: Menu): Unit' is deprecated. Deprecated in Java.
w: file:///C:/Users/javed/Desktop/s-gate-Ag/society-frontend/s-gate-master/node_modules/react-native-screens/android/src/main/java/com/swmansion/rnscreens/ScreenStackFragment.kt:407:18 This declaration overrides a deprecated member but is not marked as deprecated itself. Add the '@Deprecated' annotation or suppress the diagnostic.
w: file:///C:/Users/javed/Desktop/s-gate-Ag/society-frontend/s-gate-master/node_modules/react-native-screens/android/src/main/java/com/swmansion/rnscreens/ScreenStackFragment.kt:412:22 'fun onCreateOptionsMenu(p0: Menu, p1: MenuInflater): Unit' is deprecated. Deprecated in Java.
w: file:///C:/Users/javed/Desktop/s-gate-Ag/society-frontend/s-gate-master/node_modules/react-native-screens/android/src/main/java/com/swmansion/rnscreens/ScreenStackHeaderConfig.kt:435:18 'val reactNativeHost: ReactNativeHost' is deprecated. You should not use ReactNativeHost directly in the New Architecture. Use ReactHost instead.
w: file:///C:/Users/javed/Desktop/s-gate-Ag/society-frontend/s-gate-master/node_modules/react-native-screens/android/src/main/java/com/swmansion/rnscreens/ScreenViewManager.kt:203:14 'var statusBarColor: Int?' is deprecated. For apps targeting SDK 35 or above this prop has no effect because edge-to-edge is enabled by default and the status bar is always translucent.
w: file:///C:/Users/javed/Desktop/s-gate-Ag/society-frontend/s-gate-master/node_modules/react-native-screens/android/src/main/java/com/swmansion/rnscreens/ScreenViewManager.kt:220:14 'var isStatusBarTranslucent: Boolean?' is deprecated. For apps targeting SDK 35 or above this prop has no effect because edge-to-edge is enabled by default and the status bar is always translucent.
w: file:///C:/Users/javed/Desktop/s-gate-Ag/society-frontend/s-gate-master/node_modules/react-native-screens/android/src/main/java/com/swmansion/rnscreens/ScreenViewManager.kt:237:14 'var navigationBarColor: Int?' is deprecated. For all apps targeting Android SDK 35 or above edge-to-edge is enabled by default.
w: file:///C:/Users/javed/Desktop/s-gate-Ag/society-frontend/s-gate-master/node_modules/react-native-screens/android/src/main/java/com/swmansion/rnscreens/ScreenViewManager.kt:246:14 'var isNavigationBarTranslucent: Boolean?' is deprecated. For all apps targeting Android SDK 35 or above edge-to-edge is enabled by default.
w: file:///C:/Users/javed/Desktop/s-gate-Ag/society-frontend/s-gate-master/node_modules/react-native-screens/android/src/main/java/com/swmansion/rnscreens/ScreenWindowTraits.kt:55:42 'fun replaceSystemWindowInsets(p0: Int, p1: Int, p2: Int, p3: Int): WindowInsetsCompat' is deprecated. Deprecated in Java.
w: file:///C:/Users/javed/Desktop/s-gate-Ag/society-frontend/s-gate-master/node_modules/react-native-screens/android/src/main/java/com/swmansion/rnscreens/ScreenWindowTraits.kt:56:39 'val systemWindowInsetLeft: Int' is deprecated. Deprecated in Java.
w: file:///C:/Users/javed/Desktop/s-gate-Ag/society-frontend/s-gate-master/node_modules/react-native-screens/android/src/main/java/com/swmansion/rnscreens/ScreenWindowTraits.kt:58:39 'val systemWindowInsetRight: Int' is deprecated. Deprecated in Java.
w: file:///C:/Users/javed/Desktop/s-gate-Ag/society-frontend/s-gate-master/node_modules/react-native-screens/android/src/main/java/com/swmansion/rnscreens/ScreenWindowTraits.kt:59:39 'val systemWindowInsetBottom: Int' is deprecated. Deprecated in Java.
w: file:///C:/Users/javed/Desktop/s-gate-Ag/society-frontend/s-gate-master/node_modules/react-native-screens/android/src/main/java/com/swmansion/rnscreens/ScreenWindowTraits.kt:102:53 'var statusBarColor: Int' is deprecated. Deprecated in Java.
w: file:///C:/Users/javed/Desktop/s-gate-Ag/society-frontend/s-gate-master/node_modules/react-native-screens/android/src/main/java/com/swmansion/rnscreens/ScreenWindowTraits.kt:106:37 'var statusBarColor: Int?' is deprecated. For apps targeting SDK 35 or above this prop has no effect because edge-to-edge is enabled by default and the status bar is always translucent.
w: file:///C:/Users/javed/Desktop/s-gate-Ag/society-frontend/s-gate-master/node_modules/react-native-screens/android/src/main/java/com/swmansion/rnscreens/ScreenWindowTraits.kt:113:48 'var statusBarColor: Int' is deprecated. Deprecated in Java.
w: file:///C:/Users/javed/Desktop/s-gate-Ag/society-frontend/s-gate-master/node_modules/react-native-screens/android/src/main/java/com/swmansion/rnscreens/ScreenWindowTraits.kt:116:32 'var statusBarColor: Int' is deprecated. Deprecated in Java.
w: file:///C:/Users/javed/Desktop/s-gate-Ag/society-frontend/s-gate-master/node_modules/react-native-screens/android/src/main/java/com/swmansion/rnscreens/ScreenWindowTraits.kt:162:49 'var isStatusBarTranslucent: Boolean?' is deprecated. For apps targeting SDK 35 or above this prop has no effect because edge-to-edge is enabled by default and the status bar is always translucent.
w: file:///C:/Users/javed/Desktop/s-gate-Ag/society-frontend/s-gate-master/node_modules/react-native-screens/android/src/main/java/com/swmansion/rnscreens/ScreenWindowTraits.kt:218:43 'var navigationBarColor: Int?' is deprecated. For all apps targeting Android SDK 35 or above edge-to-edge is enabled by default.
w: file:///C:/Users/javed/Desktop/s-gate-Ag/society-frontend/s-gate-master/node_modules/react-native-screens/android/src/main/java/com/swmansion/rnscreens/ScreenWindowTraits.kt:218:72 'var navigationBarColor: Int' is deprecated. Deprecated in Java.
w: file:///C:/Users/javed/Desktop/s-gate-Ag/society-frontend/s-gate-master/node_modules/react-native-screens/android/src/main/java/com/swmansion/rnscreens/ScreenWindowTraits.kt:224:16 'var navigationBarColor: Int' is deprecated. Deprecated in Java.
w: file:///C:/Users/javed/Desktop/s-gate-Ag/society-frontend/s-gate-master/node_modules/react-native-screens/android/src/main/java/com/swmansion/rnscreens/ScreenWindowTraits.kt:241:55 'var isNavigationBarTranslucent: Boolean?' is deprecated. For all apps targeting Android SDK 35 or above edge-to-edge is enabled by default.
w: file:///C:/Users/javed/Desktop/s-gate-Ag/society-frontend/s-gate-master/node_modules/react-native-screens/android/src/main/java/com/swmansion/rnscreens/ScreenWindowTraits.kt:283:13 'fun setColor(screen: Screen, activity: Activity?, context: ReactContext?): Unit' is deprecated. For apps targeting SDK 35 or above this prop has no effect because edge-to-edge is enabled by default and the status bar is always translucent.
w: file:///C:/Users/javed/Desktop/s-gate-Ag/society-frontend/s-gate-master/node_modules/react-native-screens/android/src/main/java/com/swmansion/rnscreens/ScreenWindowTraits.kt:285:13 'fun setTranslucent(screen: Screen, activity: Activity?, context: ReactContext?): Unit' is deprecated. For apps targeting SDK 35 or above this prop has no effect because edge-to-edge is enabled by default and the status bar is always translucent.
w: file:///C:/Users/javed/Desktop/s-gate-Ag/society-frontend/s-gate-master/node_modules/react-native-screens/android/src/main/java/com/swmansion/rnscreens/ScreenWindowTraits.kt:289:13 'fun setNavigationBarColor(screen: Screen, activity: Activity?): Unit' is deprecated. For all apps targeting Android SDK 35 or above edge-to-edge is enabled by default.
w: file:///C:/Users/javed/Desktop/s-gate-Ag/society-frontend/s-gate-master/node_modules/react-native-screens/android/src/main/java/com/swmansion/rnscreens/ScreenWindowTraits.kt:290:13 'fun setNavigationBarTranslucent(screen: Screen, activity: Activity?): Unit' is deprecated. For all apps targeting Android SDK 35 or above edge-to-edge is enabled by default.
w: file:///C:/Users/javed/Desktop/s-gate-Ag/society-frontend/s-gate-master/node_modules/react-native-screens/android/src/main/java/com/swmansion/rnscreens/ScreenWindowTraits.kt:354:42 'var statusBarColor: Int?' is deprecated. For apps targeting SDK 35 or above this prop has no effect because edge-to-edge is enabled by default and the status bar is always translucent.
w: file:///C:/Users/javed/Desktop/s-gate-Ag/society-frontend/s-gate-master/node_modules/react-native-screens/android/src/main/java/com/swmansion/rnscreens/ScreenWindowTraits.kt:356:48 'var isStatusBarTranslucent: Boolean?' is deprecated. For apps targeting SDK 35 or above this prop has no effect because edge-to-edge is enabled by default and the status bar is always translucent.
w: file:///C:/Users/javed/Desktop/s-gate-Ag/society-frontend/s-gate-master/node_modules/react-native-screens/android/src/main/java/com/swmansion/rnscreens/ScreenWindowTraits.kt:359:57 'var navigationBarColor: Int?' is deprecated. For all apps targeting Android SDK 35 or above edge-to-edge is enabled by default.
w: file:///C:/Users/javed/Desktop/s-gate-Ag/society-frontend/s-gate-master/node_modules/react-native-screens/android/src/main/java/com/swmansion/rnscreens/ScreenWindowTraits.kt:360:63 'var isNavigationBarTranslucent: Boolean?' is deprecated. For all apps targeting Android SDK 35 or above edge-to-edge is enabled by default.
w: file:///C:/Users/javed/Desktop/s-gate-Ag/society-frontend/s-gate-master/node_modules/react-native-screens/android/src/main/java/com/swmansion/rnscreens/bottomsheet/BottomSheetDialogRootView.kt:7:8 'object ReactFeatureFlags : Any' is deprecated. Use com.facebook.react.internal.featureflags.ReactNativeFeatureFlags instead.
w: file:///C:/Users/javed/Desktop/s-gate-Ag/society-frontend/s-gate-master/node_modules/react-native-screens/android/src/main/java/com/swmansion/rnscreens/bottomsheet/BottomSheetDialogRootView.kt:25:13 'object ReactFeatureFlags : Any' is deprecated. Use com.facebook.react.internal.featureflags.ReactNativeFeatureFlags instead.
w: file:///C:/Users/javed/Desktop/s-gate-Ag/society-frontend/s-gate-master/node_modules/react-native-screens/android/src/main/java/com/swmansion/rnscreens/bottomsheet/BottomSheetDialogRootView.kt:32:9 The corresponding parameter in the supertype 'ReactViewGroup' is named 'left'. This may cause problems when calling this function with named arguments.
w: file:///C:/Users/javed/Desktop/s-gate-Ag/society-frontend/s-gate-master/node_modules/react-native-screens/android/src/main/java/com/swmansion/rnscreens/bottomsheet/BottomSheetDialogRootView.kt:33:9 The corresponding parameter in the supertype 'ReactViewGroup' is named 'top'. This may cause problems when calling this function with named arguments.
w: file:///C:/Users/javed/Desktop/s-gate-Ag/society-frontend/s-gate-master/node_modules/react-native-screens/android/src/main/java/com/swmansion/rnscreens/bottomsheet/BottomSheetDialogRootView.kt:34:9 The corresponding parameter in the supertype 'ReactViewGroup' is named 'right'. This may cause problems when calling this function with named arguments.
w: file:///C:/Users/javed/Desktop/s-gate-Ag/society-frontend/s-gate-master/node_modules/react-native-screens/android/src/main/java/com/swmansion/rnscreens/bottomsheet/BottomSheetDialogRootView.kt:35:9 The corresponding parameter in the supertype 'ReactViewGroup' is named 'bottom'. This may cause problems when calling this function with named arguments.
w: file:///C:/Users/javed/Desktop/s-gate-Ag/society-frontend/s-gate-master/node_modules/react-native-screens/android/src/main/java/com/swmansion/rnscreens/bottomsheet/BottomSheetDialogRootView.kt:71:9 The corresponding parameter in the supertype 'RootView' is named 'childView'. This may cause problems when calling this function with named arguments.
w: file:///C:/Users/javed/Desktop/s-gate-Ag/society-frontend/s-gate-master/node_modules/react-native-screens/android/src/main/java/com/swmansion/rnscreens/bottomsheet/BottomSheetDialogRootView.kt:72:9 The corresponding parameter in the supertype 'RootView' is named 'ev'. This may cause problems when calling this function with named arguments.
w: file:///C:/Users/javed/Desktop/s-gate-Ag/society-frontend/s-gate-master/node_modules/react-native-screens/android/src/main/java/com/swmansion/rnscreens/bottomsheet/BottomSheetDialogRootView.kt:79:46 The corresponding parameter in the supertype 'RootView' is named 'ev'. This may cause problems when calling this function with named arguments.
w: file:///C:/Users/javed/Desktop/s-gate-Ag/society-frontend/s-gate-master/node_modules/react-native-screens/android/src/main/java/com/swmansion/rnscreens/bottomsheet/BottomSheetDialogRootView.kt:83:9 The corresponding parameter in the supertype 'RootView' is named 'childView'. This may cause problems when calling this function with named arguments.
w: file:///C:/Users/javed/Desktop/s-gate-Ag/society-frontend/s-gate-master/node_modules/react-native-screens/android/src/main/java/com/swmansion/rnscreens/bottomsheet/BottomSheetDialogRootView.kt:84:9 The corresponding parameter in the supertype 'RootView' is named 'ev'. This may cause problems when calling this function with named arguments.
w: file:///C:/Users/javed/Desktop/s-gate-Ag/society-frontend/s-gate-master/node_modules/react-native-screens/android/src/main/java/com/swmansion/rnscreens/bottomsheet/BottomSheetDialogRootView.kt:95:34 The corresponding parameter in the supertype 'RootView' is named 't'. This may cause problems when calling this function with named arguments.
w: file:///C:/Users/javed/Desktop/s-gate-Ag/society-frontend/s-gate-master/node_modules/react-native-screens/android/src/main/java/com/swmansion/rnscreens/bottomsheet/DimmingView.kt:63:9 The corresponding parameter in the supertype 'ReactCompoundView' is named 'touchX'. This may cause problems when calling this function with named arguments.
w: file:///C:/Users/javed/Desktop/s-gate-Ag/society-frontend/s-gate-master/node_modules/react-native-screens/android/src/main/java/com/swmansion/rnscreens/bottomsheet/DimmingView.kt:64:9 The corresponding parameter in the supertype 'ReactCompoundView' is named 'touchY'. This may cause problems when calling this function with named arguments.
w: file:///C:/Users/javed/Desktop/s-gate-Ag/society-frontend/s-gate-master/node_modules/react-native-screens/android/src/main/java/com/swmansion/rnscreens/bottomsheet/DimmingView.kt:68:9 The corresponding parameter in the supertype 'ReactCompoundViewGroup' is named 'touchX'. This may cause problems when calling this function with named arguments.
w: file:///C:/Users/javed/Desktop/s-gate-Ag/society-frontend/s-gate-master/node_modules/react-native-screens/android/src/main/java/com/swmansion/rnscreens/bottomsheet/DimmingView.kt:69:9 The corresponding parameter in the supertype 'ReactCompoundViewGroup' is named 'touchY'. This may cause problems when calling this function with named arguments.
w: file:///C:/Users/javed/Desktop/s-gate-Ag/society-frontend/s-gate-master/node_modules/react-native-screens/android/src/main/java/com/swmansion/rnscreens/gamma/tabs/TabsHostViewManager.kt:37:9 The corresponding parameter in the supertype 'TabsHostViewManager' is named 'view'. This may cause problems when calling this function with named arguments.

> Task :react-native-worklets:externalNativeBuildDebug
> Task :react-native-worklets:prefabDebugPackage
> Task :react-native-worklets:mergeDebugJniLibFolders
> Task :react-native-worklets:mergeDebugNativeLibs
> Task :expo-modules-core:configureCMakeDebug[armeabi-v7a]
> Task :react-native-worklets:copyDebugJniLibsProjectOnly
> Task :react-native-screens:compileDebugJavaWithJavac
> Task :react-native-screens:processDebugJavaRes
> Task :react-native-screens:bundleLibCompileToJarDebug
> Task :react-native-screens:bundleLibRuntimeToJarDebug
> Task :expo-modules-core:buildCMakeDebug[armeabi-v7a]
> Task :expo-modules-core:mergeDebugJniLibFolders
> Task :expo-modules-core:mergeDebugNativeLibs
> Task :expo-modules-core:copyDebugJniLibsProjectOnly
> Task :react-native-reanimated:configureCMakeDebug[armeabi-v7a]
> Task :react-native-reanimated:generateJsonModelDebug
> Task :react-native-reanimated:prefabDebugConfigurePackage UP-TO-DATE
> Task :react-native-gesture-handler:configureCMakeDebug[arm64-v8a]
> Task :react-native-reanimated:buildCMakeDebug[arm64-v8a][reanimated]
> Task :app:configureCMakeDebug[arm64-v8a]

> Task :expo-dev-menu:compileDebugKotlin
w: file:///C:/Users/javed/Desktop/s-gate-Ag/society-frontend/s-gate-master/node_modules/expo-dev-menu/android/src/debug/java/expo/modules/devmenu/DevMenuManager.kt:406:43 The corresponding parameter in the supertype 'DevMenuManagerInterface' is named 'shouldAutoLaunch'. This may cause problems when calling this function with named arguments.
w: file:///C:/Users/javed/Desktop/s-gate-Ag/society-frontend/s-gate-master/node_modules/expo-dev-menu/android/src/main/java/com/facebook/react/devsupport/DevMenuSettingsBase.kt:6:8 'class PreferenceManager : Any' is deprecated. Deprecated in Java.
w: file:///C:/Users/javed/Desktop/s-gate-Ag/society-frontend/s-gate-master/node_modules/expo-dev-menu/android/src/main/java/com/facebook/react/devsupport/DevMenuSettingsBase.kt:18:51 'class PreferenceManager : Any' is deprecated. Deprecated in Java.
w: file:///C:/Users/javed/Desktop/s-gate-Ag/society-frontend/s-gate-master/node_modules/expo-dev-menu/android/src/main/java/com/facebook/react/devsupport/DevMenuSettingsBase.kt:18:69 'static fun getDefaultSharedPreferences(p0: Context!): SharedPreferences!' is deprecated. Deprecated in Java.
w: file:///C:/Users/javed/Desktop/s-gate-Ag/society-frontend/s-gate-master/node_modules/expo-dev-menu/android/src/main/java/com/facebook/react/devsupport/DevMenuSettingsBase.kt:51:13 This code uses error suppression for 'NOTHING_TO_OVERRIDE'. While it might compile and work, the compiler behavior is UNSPECIFIED and WILL NOT BE PRESERVED. Please report your use case to the Kotlin issue tracker instead: https://kotl.in/issue
w: file:///C:/Users/javed/Desktop/s-gate-Ag/society-frontend/s-gate-master/node_modules/expo-dev-menu/android/src/main/java/com/facebook/react/devsupport/DevMenuSettingsBase.kt:58:13 This code uses error suppression for 'NOTHING_TO_OVERRIDE'. While it might compile and work, the compiler behavior is UNSPECIFIED and WILL NOT BE PRESERVED. Please report your use case to the Kotlin issue tracker instead: https://kotl.in/issue
w: file:///C:/Users/javed/Desktop/s-gate-Ag/society-frontend/s-gate-master/node_modules/expo-dev-menu/android/src/main/java/expo/modules/devmenu/DevMenuPackage.kt:28:16 This declaration overrides a deprecated member but is not marked as deprecated itself. Add the '@Deprecated' annotation or suppress the diagnostic.
w: file:///C:/Users/javed/Desktop/s-gate-Ag/society-frontend/s-gate-master/node_modules/expo-dev-menu/android/src/main/java/expo/modules/devmenu/DevMenuPackage.kt:47:78 'val reactNativeHost: ReactNativeHost' is deprecated. You should not use ReactNativeHost directly in the New Architecture. Use ReactHost instead.

> Task :expo-dev-menu:compileDebugJavaWithJavac
> Task :expo-dev-menu:processDebugJavaRes
> Task :expo-dev-menu:bundleLibCompileToJarDebug
> Task :expo-dev-menu:bundleLibRuntimeToJarDebug
> Task :expo-dev-launcher:compileDebugKotlin
> Task :react-native-reanimated:buildCMakeDebug[armeabi-v7a][reanimated]

> Task :expo-dev-launcher:compileDebugKotlin
w: file:///C:/Users/javed/Desktop/s-gate-Ag/society-frontend/s-gate-master/node_modules/expo-dev-launcher/android/src/debug/java/expo/modules/devlauncher/DevLauncherController.kt:474:81 'val reactNativeHost: ReactNativeHost' is deprecated. You should not use ReactNativeHost directly in the New Architecture. Use ReactHost instead.
w: file:///C:/Users/javed/Desktop/s-gate-Ag/society-frontend/s-gate-master/node_modules/expo-dev-launcher/android/src/debug/java/expo/modules/devlauncher/compose/models/BranchViewModel.kt:80:31 'val runtimeVersion: String' is deprecated. Use 'runtime' field .
w: file:///C:/Users/javed/Desktop/s-gate-Ag/society-frontend/s-gate-master/node_modules/expo-dev-launcher/android/src/debug/java/expo/modules/devlauncher/helpers/DevLauncherReactUtils.kt:7:8 'class ReactNativeHost : Any' is deprecated. Deprecated in Java.
w: file:///C:/Users/javed/Desktop/s-gate-Ag/society-frontend/s-gate-master/node_modules/expo-dev-launcher/android/src/debug/java/expo/modules/devlauncher/helpers/DevLauncherReactUtils.kt:78:20 'class ReactNativeHost : Any' is deprecated. Deprecated in Java.
w: file:///C:/Users/javed/Desktop/s-gate-Ag/society-frontend/s-gate-master/node_modules/expo-dev-launcher/android/src/debug/java/expo/modules/devlauncher/helpers/DevLauncherReactUtils.kt:155:20 'class ReactNativeHost : Any' is deprecated. Deprecated in Java.
w: file:///C:/Users/javed/Desktop/s-gate-Ag/society-frontend/s-gate-master/node_modules/expo-dev-launcher/android/src/debug/java/expo/modules/devlauncher/helpers/DevLauncherReactUtils.kt:246:11 'fun newInstance(): CapturedType(*)!' is deprecated. Deprecated in Java.
w: file:///C:/Users/javed/Desktop/s-gate-Ag/society-frontend/s-gate-master/node_modules/expo-dev-launcher/android/src/debug/java/expo/modules/devlauncher/launcher/DevLauncherActivity.kt:19:5 'fun overridePendingTransition(p0: Int, p1: Int): Unit' is deprecated. Deprecated in Java.
w: file:///C:/Users/javed/Desktop/s-gate-Ag/society-frontend/s-gate-master/node_modules/expo-dev-launcher/android/src/debug/java/expo/modules/devlauncher/launcher/DevLauncherActivity.kt:36:5 'fun overridePendingTransition(p0: Int, p1: Int): Unit' is deprecated. Deprecated in Java.
w: file:///C:/Users/javed/Desktop/s-gate-Ag/society-frontend/s-gate-master/node_modules/expo-dev-launcher/android/src/debug/java/expo/modules/devlauncher/modules/DevLauncherModule.kt:16:29 'fun getRawJson(): JSONObject' is deprecated. Prefer to use specific field getters.
w: file:///C:/Users/javed/Desktop/s-gate-Ag/society-frontend/s-gate-master/node_modules/expo-dev-launcher/android/src/debug/java/expo/modules/devlauncher/react/DevLauncherBridgeDevSupportManager.kt:49:38 This code uses error suppression for 'NOTHING_TO_OVERRIDE'. While it might compile and work, the compiler behavior is UNSPECIFIED and WILL NOT BE PRESERVED. Please report your use case to the Kotlin issue tracker instead: https://kotl.in/issue
w: file:///C:/Users/javed/Desktop/s-gate-Ag/society-frontend/s-gate-master/node_modules/expo-dev-launcher/android/src/debug/java/expo/modules/devlauncher/react/DevLauncherBridgelessDevSupportManager.kt:48:38 This code uses error suppression for 'NOTHING_TO_OVERRIDE'. While it might compile and work, the compiler behavior is UNSPECIFIED and WILL NOT BE PRESERVED. Please report your use case to the Kotlin issue tracker instead: https://kotl.in/issue
w: file:///C:/Users/javed/Desktop/s-gate-Ag/society-frontend/s-gate-master/node_modules/expo-dev-launcher/android/src/debug/java/expo/modules/devlauncher/react/DevLauncherDevSupportManagerFactory.kt:19:5 The corresponding parameter in the supertype 'DevSupportManagerFactory' is named 'reactInstanceManagerHelper'. This may cause problems when calling this function with named arguments.
w: file:///C:/Users/javed/Desktop/s-gate-Ag/society-frontend/s-gate-master/node_modules/expo-dev-launcher/android/src/debug/java/expo/modules/devlauncher/react/DevLauncherDevSupportManagerFactory.kt:48:5 The corresponding parameter in the supertype 'DevSupportManagerFactory' is named 'reactInstanceManagerHelper'. This may cause problems when calling this function with named arguments.
w: file:///C:/Users/javed/Desktop/s-gate-Ag/society-frontend/s-gate-master/node_modules/expo-dev-launcher/android/src/debug/java/expo/modules/devlauncher/react/DevLauncherDevSupportManagerSwapper.kt:6:8 'class ReactNativeHost : Any' is deprecated. Deprecated in Java.
w: file:///C:/Users/javed/Desktop/s-gate-Ag/society-frontend/s-gate-master/node_modules/expo-dev-launcher/android/src/debug/java/expo/modules/devlauncher/react/DevLauncherDevSupportManagerSwapper.kt:34:58 'class ReactNativeHost : Any' is deprecated. Deprecated in Java.
w: file:///C:/Users/javed/Desktop/s-gate-Ag/society-frontend/s-gate-master/node_modules/expo-dev-launcher/android/src/main/java/expo/modules/devlauncher/DevLauncherPackage.kt:15:16 This declaration overrides a deprecated member but is not marked as deprecated itself. Add the '@Deprecated' annotation or suppress the diagnostic.
w: file:///C:/Users/javed/Desktop/s-gate-Ag/society-frontend/s-gate-master/node_modules/expo-dev-launcher/android/src/main/java/expo/modules/devlauncher/launcher/DevLauncherRecentlyOpenedAppsRegistry.kt:33:47 Unchecked cast of 'MutableMap<Any?, Any?>' to 'MutableMap<String, Any>'.
w: file:///C:/Users/javed/Desktop/s-gate-Ag/society-frontend/s-gate-master/node_modules/expo-dev-launcher/android/src/main/java/expo/modules/devlauncher/launcher/DevLauncherRecentlyOpenedAppsRegistry.kt:51:27 'fun getRawJson(): JSONObject' is deprecated. Prefer to use specific field getters.
w: file:///C:/Users/javed/Desktop/s-gate-Ag/society-frontend/s-gate-master/node_modules/expo-dev-launcher/android/src/main/java/expo/modules/devlauncher/launcher/configurators/DevLauncherExpoActivityConfigurator.kt:37:23 'constructor(p0: String!, p1: Bitmap!, p2: Int): ActivityManager.TaskDescription' is deprecated. Deprecated in Java.
w: file:///C:/Users/javed/Desktop/s-gate-Ag/society-frontend/s-gate-master/node_modules/expo-dev-launcher/android/src/main/java/expo/modules/devlauncher/launcher/configurators/DevLauncherExpoActivityConfigurator.kt:63:61 'static field FLAG_TRANSLUCENT_STATUS: Int' is deprecated. Deprecated in Java.
w: file:///C:/Users/javed/Desktop/s-gate-Ag/society-frontend/s-gate-master/node_modules/expo-dev-launcher/android/src/main/java/expo/modules/devlauncher/launcher/configurators/DevLauncherExpoActivityConfigurator.kt:92:45 'var systemUiVisibility: Int' is deprecated. Deprecated in Java.
w: file:///C:/Users/javed/Desktop/s-gate-Ag/society-frontend/s-gate-master/node_modules/expo-dev-launcher/android/src/main/java/expo/modules/devlauncher/launcher/configurators/DevLauncherExpoActivityConfigurator.kt:95:68 'static field SYSTEM_UI_FLAG_LIGHT_STATUS_BAR: Int' is deprecated. Deprecated in Java.
w: file:///C:/Users/javed/Desktop/s-gate-Ag/society-frontend/s-gate-master/node_modules/expo-dev-launcher/android/src/main/java/expo/modules/devlauncher/launcher/configurators/DevLauncherExpoActivityConfigurator.kt:99:67 'static field SYSTEM_UI_FLAG_LIGHT_STATUS_BAR: Int' is deprecated. Deprecated in Java.
w: file:///C:/Users/javed/Desktop/s-gate-Ag/society-frontend/s-gate-master/node_modules/expo-dev-launcher/android/src/main/java/expo/modules/devlauncher/launcher/configurators/DevLauncherExpoActivityConfigurator.kt:103:67 'static field SYSTEM_UI_FLAG_LIGHT_STATUS_BAR: Int' is deprecated. Deprecated in Java.
w: file:///C:/Users/javed/Desktop/s-gate-Ag/society-frontend/s-gate-master/node_modules/expo-dev-launcher/android/src/main/java/expo/modules/devlauncher/launcher/configurators/DevLauncherExpoActivityConfigurator.kt:107:15 'var systemUiVisibility: Int' is deprecated. Deprecated in Java.
w: file:///C:/Users/javed/Desktop/s-gate-Ag/society-frontend/s-gate-master/node_modules/expo-dev-launcher/android/src/main/java/expo/modules/devlauncher/launcher/configurators/DevLauncherExpoActivityConfigurator.kt:115:59 'static field FLAG_FULLSCREEN: Int' is deprecated. Deprecated in Java.
w: file:///C:/Users/javed/Desktop/s-gate-Ag/society-frontend/s-gate-master/node_modules/expo-dev-launcher/android/src/main/java/expo/modules/devlauncher/launcher/configurators/DevLauncherExpoActivityConfigurator.kt:116:61 'static field FLAG_FORCE_NOT_FULLSCREEN: Int' is deprecated. Deprecated in Java.
w: file:///C:/Users/javed/Desktop/s-gate-Ag/society-frontend/s-gate-master/node_modules/expo-dev-launcher/android/src/main/java/expo/modules/devlauncher/launcher/configurators/DevLauncherExpoActivityConfigurator.kt:118:59 'static field FLAG_FORCE_NOT_FULLSCREEN: Int' is deprecated. Deprecated in Java.
w: file:///C:/Users/javed/Desktop/s-gate-Ag/society-frontend/s-gate-master/node_modules/expo-dev-launcher/android/src/main/java/expo/modules/devlauncher/launcher/configurators/DevLauncherExpoActivityConfigurator.kt:119:61 'static field FLAG_FULLSCREEN: Int' is deprecated. Deprecated in Java.
w: file:///C:/Users/javed/Desktop/s-gate-Ag/society-frontend/s-gate-master/node_modules/expo-dev-launcher/android/src/main/java/expo/modules/devlauncher/launcher/configurators/DevLauncherExpoActivityConfigurator.kt:131:23 'fun replaceSystemWindowInsets(p0: Int, p1: Int, p2: Int, p3: Int): WindowInsets' is deprecated. Deprecated in Java.
w: file:///C:/Users/javed/Desktop/s-gate-Ag/society-frontend/s-gate-master/node_modules/expo-dev-launcher/android/src/main/java/expo/modules/devlauncher/launcher/configurators/DevLauncherExpoActivityConfigurator.kt:132:25 'val systemWindowInsetLeft: Int' is deprecated. Deprecated in Java.
w: file:///C:/Users/javed/Desktop/s-gate-Ag/society-frontend/s-gate-master/node_modules/expo-dev-launcher/android/src/main/java/expo/modules/devlauncher/launcher/configurators/DevLauncherExpoActivityConfigurator.kt:134:25 'val systemWindowInsetRight: Int' is deprecated. Deprecated in Java.
w: file:///C:/Users/javed/Desktop/s-gate-Ag/society-frontend/s-gate-master/node_modules/expo-dev-launcher/android/src/main/java/expo/modules/devlauncher/launcher/configurators/DevLauncherExpoActivityConfigurator.kt:135:25 'val systemWindowInsetBottom: Int' is deprecated. Deprecated in Java.
w: file:///C:/Users/javed/Desktop/s-gate-Ag/society-frontend/s-gate-master/node_modules/expo-dev-launcher/android/src/main/java/expo/modules/devlauncher/launcher/configurators/DevLauncherExpoActivityConfigurator.kt:150:15 'var statusBarColor: Int' is deprecated. Deprecated in Java.
w: file:///C:/Users/javed/Desktop/s-gate-Ag/society-frontend/s-gate-master/node_modules/expo-dev-launcher/android/src/main/java/expo/modules/devlauncher/launcher/configurators/DevLauncherExpoActivityConfigurator.kt:160:63 'static field FLAG_TRANSLUCENT_NAVIGATION: Int' is deprecated. Deprecated in Java.
w: file:///C:/Users/javed/Desktop/s-gate-Ag/society-frontend/s-gate-master/node_modules/expo-dev-launcher/android/src/main/java/expo/modules/devlauncher/launcher/configurators/DevLauncherExpoActivityConfigurator.kt:161:25 'var navigationBarColor: Int' is deprecated. Deprecated in Java.
w: file:///C:/Users/javed/Desktop/s-gate-Ag/society-frontend/s-gate-master/node_modules/expo-dev-launcher/android/src/main/java/expo/modules/devlauncher/launcher/configurators/DevLauncherExpoActivityConfigurator.kt:171:63 'static field FLAG_TRANSLUCENT_NAVIGATION: Int' is deprecated. Deprecated in Java.
w: file:///C:/Users/javed/Desktop/s-gate-Ag/society-frontend/s-gate-master/node_modules/expo-dev-launcher/android/src/main/java/expo/modules/devlauncher/launcher/configurators/DevLauncherExpoActivityConfigurator.kt:175:33 'var systemUiVisibility: Int' is deprecated. Deprecated in Java.
w: file:///C:/Users/javed/Desktop/s-gate-Ag/society-frontend/s-gate-master/node_modules/expo-dev-launcher/android/src/main/java/expo/modules/devlauncher/launcher/configurators/DevLauncherExpoActivityConfigurator.kt:176:33 'static field SYSTEM_UI_FLAG_LIGHT_NAVIGATION_BAR: Int' is deprecated. Deprecated in Java.
w: file:///C:/Users/javed/Desktop/s-gate-Ag/society-frontend/s-gate-master/node_modules/expo-dev-launcher/android/src/main/java/expo/modules/devlauncher/launcher/configurators/DevLauncherExpoActivityConfigurator.kt:177:21 'var systemUiVisibility: Int' is deprecated. Deprecated in Java.
w: file:///C:/Users/javed/Desktop/s-gate-Ag/society-frontend/s-gate-master/node_modules/expo-dev-launcher/android/src/main/java/expo/modules/devlauncher/launcher/configurators/DevLauncherExpoActivityConfigurator.kt:190:29 'var systemUiVisibility: Int' is deprecated. Deprecated in Java.
w: file:///C:/Users/javed/Desktop/s-gate-Ag/society-frontend/s-gate-master/node_modules/expo-dev-launcher/android/src/main/java/expo/modules/devlauncher/launcher/configurators/DevLauncherExpoActivityConfigurator.kt:191:62 'static field SYSTEM_UI_FLAG_HIDE_NAVIGATION: Int' is deprecated. Deprecated in Java.
w: file:///C:/Users/javed/Desktop/s-gate-Ag/society-frontend/s-gate-master/node_modules/expo-dev-launcher/android/src/main/java/expo/modules/devlauncher/launcher/configurators/DevLauncherExpoActivityConfigurator.kt:191:101 'static field SYSTEM_UI_FLAG_FULLSCREEN: Int' is deprecated. Deprecated in Java.
w: file:///C:/Users/javed/Desktop/s-gate-Ag/society-frontend/s-gate-master/node_modules/expo-dev-launcher/android/src/main/java/expo/modules/devlauncher/launcher/configurators/DevLauncherExpoActivityConfigurator.kt:192:63 'static field SYSTEM_UI_FLAG_HIDE_NAVIGATION: Int' is deprecated. Deprecated in Java.
w: file:///C:/Users/javed/Desktop/s-gate-Ag/society-frontend/s-gate-master/node_modules/expo-dev-launcher/android/src/main/java/expo/modules/devlauncher/launcher/configurators/DevLauncherExpoActivityConfigurator.kt:192:102 'static field SYSTEM_UI_FLAG_FULLSCREEN: Int' is deprecated. Deprecated in Java.
w: file:///C:/Users/javed/Desktop/s-gate-Ag/society-frontend/s-gate-master/node_modules/expo-dev-launcher/android/src/main/java/expo/modules/devlauncher/launcher/configurators/DevLauncherExpoActivityConfigurator.kt:192:136 'static field SYSTEM_UI_FLAG_IMMERSIVE: Int' is deprecated. Deprecated in Java.
w: file:///C:/Users/javed/Desktop/s-gate-Ag/society-frontend/s-gate-master/node_modules/expo-dev-launcher/android/src/main/java/expo/modules/devlauncher/launcher/configurators/DevLauncherExpoActivityConfigurator.kt:193:70 'static field SYSTEM_UI_FLAG_HIDE_NAVIGATION: Int' is deprecated. Deprecated in Java.
w: file:///C:/Users/javed/Desktop/s-gate-Ag/society-frontend/s-gate-master/node_modules/expo-dev-launcher/android/src/main/java/expo/modules/devlauncher/launcher/configurators/DevLauncherExpoActivityConfigurator.kt:193:109 'static field SYSTEM_UI_FLAG_FULLSCREEN: Int' is deprecated. Deprecated in Java.
w: file:///C:/Users/javed/Desktop/s-gate-Ag/society-frontend/s-gate-master/node_modules/expo-dev-launcher/android/src/main/java/expo/modules/devlauncher/launcher/configurators/DevLauncherExpoActivityConfigurator.kt:193:143 'static field SYSTEM_UI_FLAG_IMMERSIVE_STICKY: Int' is deprecated. Deprecated in Java.
w: file:///C:/Users/javed/Desktop/s-gate-Ag/society-frontend/s-gate-master/node_modules/expo-dev-launcher/android/src/main/java/expo/modules/devlauncher/launcher/configurators/DevLauncherExpoActivityConfigurator.kt:196:17 'var systemUiVisibility: Int' is deprecated. Deprecated in Java.

> Task :expo-dev-launcher:compileDebugJavaWithJavac
> Task :expo-dev-launcher:processDebugJavaRes
> Task :expo-dev-launcher:bundleLibCompileToJarDebug
> Task :expo-dev-launcher:bundleLibRuntimeToJarDebug

> Task :expo:compileDebugKotlin
w: file:///C:/Users/javed/Desktop/s-gate-Ag/society-frontend/s-gate-master/node_modules/expo/android/src/main/java/expo/modules/ExpoModulesPackage.kt:34:16 This declaration overrides a deprecated member but is not marked as deprecated itself. Add the '@Deprecated' annotation or suppress the diagnostic.
w: file:///C:/Users/javed/Desktop/s-gate-Ag/society-frontend/s-gate-master/node_modules/expo/android/src/main/java/expo/modules/ExpoReactHostFactory.kt:8:8 'class ReactNativeHost : Any' is deprecated. Deprecated in Java.
w: file:///C:/Users/javed/Desktop/s-gate-Ag/society-frontend/s-gate-master/node_modules/expo/android/src/main/java/expo/modules/ExpoReactHostFactory.kt:80:22 'class ReactNativeHost : Any' is deprecated. Deprecated in Java.
w: file:///C:/Users/javed/Desktop/s-gate-Ag/society-frontend/s-gate-master/node_modules/expo/android/src/main/java/expo/modules/ReactActivityDelegateWrapper.kt:24:8 'class ReactNativeHost : Any' is deprecated. Deprecated in Java.
w: file:///C:/Users/javed/Desktop/s-gate-Ag/society-frontend/s-gate-master/node_modules/expo/android/src/main/java/expo/modules/ReactActivityDelegateWrapper.kt:58:33 'class ReactNativeHost : Any' is deprecated. Deprecated in Java.
w: file:///C:/Users/javed/Desktop/s-gate-Ag/society-frontend/s-gate-master/node_modules/expo/android/src/main/java/expo/modules/ReactActivityDelegateWrapper.kt:105:16 This declaration overrides a deprecated member but is not marked as deprecated itself. Add the '@Deprecated' annotation or suppress the diagnostic.
w: file:///C:/Users/javed/Desktop/s-gate-Ag/society-frontend/s-gate-master/node_modules/expo/android/src/main/java/expo/modules/ReactActivityDelegateWrapper.kt:105:38 'class ReactNativeHost : Any' is deprecated. Deprecated in Java.
w: file:///C:/Users/javed/Desktop/s-gate-Ag/society-frontend/s-gate-master/node_modules/expo/android/src/main/java/expo/modules/ReactActivityDelegateWrapper.kt:113:16 This declaration overrides a deprecated member but is not marked as deprecated itself. Add the '@Deprecated' annotation or suppress the diagnostic.
w: file:///C:/Users/javed/Desktop/s-gate-Ag/society-frontend/s-gate-master/node_modules/expo/android/src/main/java/expo/modules/ReactActivityDelegateWrapper.kt:114:21 'val reactInstanceManager: ReactInstanceManager' is deprecated. Deprecated in Java.
w: file:///C:/Users/javed/Desktop/s-gate-Ag/society-frontend/s-gate-master/node_modules/expo/android/src/main/java/expo/modules/ReactActivityDelegateWrapper.kt:168:36 'constructor(activity: Activity, reactNativeHost: ReactNativeHost?, appKey: String?, launchOptions: Bundle?, fabricEnabled: Boolean): ReactDelegate' is deprecated. Deprecated since 0.81.0, use one of the other constructors instead.
w: file:///C:/Users/javed/Desktop/s-gate-Ag/society-frontend/s-gate-master/node_modules/expo/android/src/main/java/expo/modules/ReactActivityDelegateWrapper.kt:279:77 'val reactInstanceManager: ReactInstanceManager' is deprecated. Deprecated in Java.
w: file:///C:/Users/javed/Desktop/s-gate-Ag/society-frontend/s-gate-master/node_modules/expo/android/src/main/java/expo/modules/ReactActivityDelegateWrapper.kt:282:22 'val reactInstanceManager: ReactInstanceManager' is deprecated. Deprecated in Java.
w: file:///C:/Users/javed/Desktop/s-gate-Ag/society-frontend/s-gate-master/node_modules/expo/android/src/main/java/expo/modules/ReactActivityDelegateWrapper.kt:286:54 'val reactInstanceManager: ReactInstanceManager' is deprecated. Deprecated in Java.
w: file:///C:/Users/javed/Desktop/s-gate-Ag/society-frontend/s-gate-master/node_modules/expo/android/src/main/java/expo/modules/ReactNativeHostWrapper.kt:6:8 'class ReactNativeHost : Any' is deprecated. Deprecated in Java.
w: file:///C:/Users/javed/Desktop/s-gate-Ag/society-frontend/s-gate-master/node_modules/expo/android/src/main/java/expo/modules/ReactNativeHostWrapper.kt:15:9 'class ReactNativeHost : Any' is deprecated. Deprecated in Java.
w: file:///C:/Users/javed/Desktop/s-gate-Ag/society-frontend/s-gate-master/node_modules/expo/android/src/main/java/expo/modules/ReactNativeHostWrapper.kt:47:60 'class ReactNativeHost : Any' is deprecated. Deprecated in Java.
w: file:///C:/Users/javed/Desktop/s-gate-Ag/society-frontend/s-gate-master/node_modules/expo/android/src/main/java/expo/modules/ReactNativeHostWrapperBase.kt:7:8 'class ReactNativeHost : Any' is deprecated. Deprecated in Java.
w: file:///C:/Users/javed/Desktop/s-gate-Ag/society-frontend/s-gate-master/node_modules/expo/android/src/main/java/expo/modules/ReactNativeHostWrapperBase.kt:16:23 'class ReactNativeHost : Any' is deprecated. Deprecated in Java.
w: file:///C:/Users/javed/Desktop/s-gate-Ag/society-frontend/s-gate-master/node_modules/expo/android/src/main/java/expo/modules/ReactNativeHostWrapperBase.kt:89:16 'class ReactNativeHost : Any' is deprecated. Deprecated in Java.
w: file:///C:/Users/javed/Desktop/s-gate-Ag/society-frontend/s-gate-master/node_modules/expo/android/src/main/java/expo/modules/ReactNativeHostWrapperBase.kt:101:38 'class ReactNativeHost : Any' is deprecated. Deprecated in Java.
w: file:///C:/Users/javed/Desktop/s-gate-Ag/society-frontend/s-gate-master/node_modules/expo/android/src/main/java/expo/modules/fetch/ExpoFetchModule.kt:30:39 'constructor(reactContext: ReactContext): ForwardingCookieHandler' is deprecated. Use the default constructor.
w: file:///C:/Users/javed/Desktop/s-gate-Ag/society-frontend/s-gate-master/node_modules/expo/android/src/main/java/expo/modules/fetch/NativeResponse.kt:44:16 This declaration overrides a deprecated member but is not marked as deprecated itself. Add the '@Deprecated' annotation or suppress the diagnostic.
w: file:///C:/Users/javed/Desktop/s-gate-Ag/society-frontend/s-gate-master/node_modules/expo/android/src/main/java/expo/modules/fetch/NativeResponse.kt:46:11 'fun deallocate(): Unit' is deprecated. Use sharedObjectDidRelease() instead.

> Task :react-native-reanimated:externalNativeBuildDebug
> Task :react-native-reanimated:prefabDebugPackage
> Task :react-native-reanimated:mergeDebugNativeLibs
> Task :react-native-reanimated:copyDebugJniLibsProjectOnly
> Task :expo:compileDebugJavaWithJavac
> Task :expo:processDebugJavaRes
> Task :expo:bundleLibCompileToJarDebug
> Task :expo:bundleLibRuntimeToJarDebug

> Task :app:configureCMakeDebug[arm64-v8a]
C/C++: CMake Warning in C:/Users/javed/Desktop/s-gate-Ag/society-frontend/s-gate-master/node_modules/@react-native-community/datetimepicker/android/build/generated/source/codegen/jni/CMakeLists.txt:
C/C++:   The object file directory
C/C++:     C:/Users/javed/Desktop/s-gate-Ag/society-frontend/s-gate-master/android/app/.cxx/Debug/143o6539/arm64-v8a/RNDateTimePickerCGen_autolinked_build/CMakeFiles/react_codegen_RNDateTimePickerCGen.dir/./
C/C++:   has 196 characters.  The maximum full path to an object file is 250
C/C++:   characters (see CMAKE_OBJECT_PATH_MAX).  Object file
C/C++:     react/renderer/components/RNDateTimePickerCGen/RNDateTimePickerCGenJSI-generated.cpp.o
C/C++:   cannot be safely placed under this directory.  The build may not work
C/C++:   correctly.
C/C++: CMake Warning in C:/Users/javed/Desktop/s-gate-Ag/society-frontend/s-gate-master/node_modules/react-native-gesture-handler/android/build/generated/source/codegen/jni/CMakeLists.txt:
C/C++:   The object file directory
C/C++:     C:/Users/javed/Desktop/s-gate-Ag/society-frontend/s-gate-master/android/app/.cxx/Debug/143o6539/arm64-v8a/rngesturehandler_codegen_autolinked_build/CMakeFiles/react_codegen_rngesturehandler_codegen.dir/./
C/C++:   has 204 characters.  The maximum full path to an object file is 250
C/C++:   characters (see CMAKE_OBJECT_PATH_MAX).  Object file
C/C++:     react/renderer/components/rngesturehandler_codegen/ShadowNodes.cpp.o
C/C++:   cannot be safely placed under this directory.  The build may not work
C/C++:   correctly.
C/C++: CMake Warning in C:/Users/javed/Desktop/s-gate-Ag/society-frontend/s-gate-master/node_modules/react-native-safe-area-context/android/src/main/jni/CMakeLists.txt:
C/C++:   The object file directory
C/C++:     C:/Users/javed/Desktop/s-gate-Ag/society-frontend/s-gate-master/android/app/.cxx/Debug/143o6539/arm64-v8a/safeareacontext_autolinked_build/CMakeFiles/react_codegen_safeareacontext.dir/./
C/C++:   has 186 characters.  The maximum full path to an object file is 250
C/C++:   characters (see CMAKE_OBJECT_PATH_MAX).  Object file
C/C++:     C_/Users/javed/Desktop/s-gate-Ag/society-frontend/s-gate-master/node_modules/react-native-safe-area-context/android/build/generated/source/codegen/jni/react/renderer/components/safeareacontext/safeareacontextJSI-generated.cpp.o
C/C++:   cannot be safely placed under this directory.  The build may not work
C/C++:   correctly.

> Task :app:mergeLibDexDebug
> Task :react-native-gesture-handler:buildCMakeDebug[arm64-v8a]

> Task :app:compileDebugKotlin
w: file:///C:/Users/javed/Desktop/s-gate-Ag/society-frontend/s-gate-master/android/app/src/main/java/com/sgate/app/MainApplication.kt:9:8 'class ReactNativeHost : Any' is deprecated. Deprecated in Java.
w: file:///C:/Users/javed/Desktop/s-gate-Ag/society-frontend/s-gate-master/android/app/src/main/java/com/sgate/app/MainApplication.kt:21:16 This declaration overrides a deprecated member but is not marked as deprecated itself. Add the '@Deprecated' annotation or suppress the diagnostic.
w: file:///C:/Users/javed/Desktop/s-gate-Ag/society-frontend/s-gate-master/android/app/src/main/java/com/sgate/app/MainApplication.kt:21:33 'class ReactNativeHost : Any' is deprecated. Deprecated in Java.

> Task :app:buildCMakeDebug[arm64-v8a]
> Task :react-native-gesture-handler:configureCMakeDebug[armeabi-v7a]
> Task :react-native-gesture-handler:buildCMakeDebug[armeabi-v7a]
> Task :react-native-gesture-handler:mergeDebugNativeLibs
> Task :react-native-gesture-handler:copyDebugJniLibsProjectOnly
> Task :app:compileDebugJavaWithJavac
> Task :app:processDebugJavaRes
> Task :app:transformDebugClassesWithAsm
> Task :app:mergeDebugJavaResource

> Task :app:configureCMakeDebug[armeabi-v7a]
C/C++: CMake Warning in C:/Users/javed/Desktop/s-gate-Ag/society-frontend/s-gate-master/node_modules/@react-native-async-storage/async-storage/android/build/generated/source/codegen/jni/CMakeLists.txt:
C/C++:   The object file directory
C/C++:     C:/Users/javed/Desktop/s-gate-Ag/society-frontend/s-gate-master/android/app/.cxx/Debug/143o6539/armeabi-v7a/rnasyncstorage_autolinked_build/CMakeFiles/react_codegen_rnasyncstorage.dir/./
C/C++:   has 186 characters.  The maximum full path to an object file is 250
C/C++:   characters (see CMAKE_OBJECT_PATH_MAX).  Object file
C/C++:     react/renderer/components/rnasyncstorage/rnasyncstorageJSI-generated.cpp.o
C/C++:   cannot be safely placed under this directory.  The build may not work
C/C++:   correctly.
C/C++: CMake Warning in C:/Users/javed/Desktop/s-gate-Ag/society-frontend/s-gate-master/node_modules/@react-native-community/datetimepicker/android/build/generated/source/codegen/jni/CMakeLists.txt:
C/C++:   The object file directory
C/C++:     C:/Users/javed/Desktop/s-gate-Ag/society-frontend/s-gate-master/android/app/.cxx/Debug/143o6539/armeabi-v7a/RNDateTimePickerCGen_autolinked_build/CMakeFiles/react_codegen_RNDateTimePickerCGen.dir/./
C/C++:   has 198 characters.  The maximum full path to an object file is 250
C/C++:   characters (see CMAKE_OBJECT_PATH_MAX).  Object file
C/C++:     react/renderer/components/RNDateTimePickerCGen/RNDateTimePickerCGenJSI-generated.cpp.o
C/C++:   cannot be safely placed under this directory.  The build may not work
C/C++:   correctly.
C/C++: CMake Warning in C:/Users/javed/Desktop/s-gate-Ag/society-frontend/s-gate-master/node_modules/react-native-gesture-handler/android/build/generated/source/codegen/jni/CMakeLists.txt:
C/C++:   The object file directory
C/C++:     C:/Users/javed/Desktop/s-gate-Ag/society-frontend/s-gate-master/android/app/.cxx/Debug/143o6539/armeabi-v7a/rngesturehandler_codegen_autolinked_build/CMakeFiles/react_codegen_rngesturehandler_codegen.dir/./
C/C++:   has 206 characters.  The maximum full path to an object file is 250
C/C++:   characters (see CMAKE_OBJECT_PATH_MAX).  Object file
C/C++:     react/renderer/components/rngesturehandler_codegen/ComponentDescriptors.cpp.o
C/C++:   cannot be safely placed under this directory.  The build may not work
C/C++:   correctly.
C/C++: CMake Warning in C:/Users/javed/Desktop/s-gate-Ag/society-frontend/s-gate-master/node_modules/react-native-safe-area-context/android/src/main/jni/CMakeLists.txt:
C/C++:   The object file directory
C/C++:     C:/Users/javed/Desktop/s-gate-Ag/society-frontend/s-gate-master/android/app/.cxx/Debug/143o6539/armeabi-v7a/safeareacontext_autolinked_build/CMakeFiles/react_codegen_safeareacontext.dir/./
C/C++:   has 188 characters.  The maximum full path to an object file is 250
C/C++:   characters (see CMAKE_OBJECT_PATH_MAX).  Object file
C/C++:     C_/Users/javed/Desktop/s-gate-Ag/society-frontend/s-gate-master/node_modules/react-native-safe-area-context/common/cpp/react/renderer/components/safeareacontext/RNCSafeAreaViewShadowNode.cpp.o
C/C++:   cannot be safely placed under this directory.  The build may not work
C/C++:   correctly.
C/C++: CMake Warning in C:/Users/javed/Desktop/s-gate-Ag/society-frontend/s-gate-master/node_modules/react-native-screens/android/src/main/jni/CMakeLists.txt:
C/C++:   The object file directory
C/C++:     C:/Users/javed/Desktop/s-gate-Ag/society-frontend/s-gate-master/android/app/.cxx/Debug/143o6539/armeabi-v7a/rnscreens_autolinked_build/CMakeFiles/react_codegen_rnscreens.dir/./
C/C++:   has 176 characters.  The maximum full path to an object file is 250
C/C++:   characters (see CMAKE_OBJECT_PATH_MAX).  Object file
C/C++:     C_/Users/javed/Desktop/s-gate-Ag/society-frontend/s-gate-master/node_modules/react-native-screens/common/cpp/react/renderer/components/rnscreens/RNSScreenStackHeaderConfigShadowNode.cpp.o
C/C++:   cannot be safely placed under this directory.  The build may not work
C/C++:   correctly.

> Task :app:dexBuilderDebug
> Task :app:mergeProjectDexDebug
> Task :app:mergeDebugGlobalSynthetics
> Task :app:buildCMakeDebug[armeabi-v7a]
> Task :app:mergeDebugNativeLibs
> Task :app:stripDebugDebugSymbols
> Task :app:packageDebug
> Task :app:createDebugApkListingFileRedirect
> Task :app:assembleDebug

[Incubating] Problems report is available at: file:///C:/Users/javed/Desktop/s-gate-Ag/society-frontend/s-gate-master/android/build/reports/problems/problems-report.html

Deprecated Gradle features were used in this build, making it incompatible with Gradle 9.0.

You can use '--warning-mode all' to show the individual deprecation warnings and determine if they come from your own scripts or plugins.

For more on this, please refer to https://docs.gradle.org/8.14.3/userguide/command_line_interface.html#sec:command_line_warnings in the Gradle documentation.

BUILD SUCCESSFUL in 18m 59s
522 actionable tasks: 506 executed, 16 up-to-date
Using src/app as the root directory for Expo Router.
Starting Metro Bundler
Waiting on http://localhost:8081
› Installing C:\Users\javed\Desktop\s-gate-Ag\society-frontend\s-gate-master\android\app\build\outputs\apk\debug\app-debug.apk
› Opening exp+s-gate://expo-development-client/?url=http%3A%2F%2F10.114.232.97%3A8081 on V2339

› Logs for your project will appear below.
Android node_modules\expo-router\entry.js ░░░░░░░░░░░░░░░░  0.0% (0/1)
Android node_modules\expo-router\entry.js ░░░░░░░░░░░░░░░░  1.0% (1/1)
Android node_modules\expo-router\entry.js ▓▓▓▓▓░░░░░░░░░░░ 36.0% ( 32/140)
Android node_modules\expo-router\entry.js ▓▓▓▓▓░░░░░░░░░░░ 36.0% (106/262)
Android node_modules\expo-router\entry.js ▓▓▓▓▓░░░░░░░░░░░ 36.0% (187/498)
Android node_modules\expo-router\entry.js ▓▓▓▓▓░░░░░░░░░░░ 36.0% (297/677)
Android node_modules\expo-router\entry.js ▓▓▓▓▓░░░░░░░░░░░ 36.0% (382/774)
Android node_modules\expo-router\entry.js ▓▓▓▓▓░░░░░░░░░░░ 36.0% (447/813)
Android node_modules\expo-router\entry.js ▓▓▓▓▓▓░░░░░░░░░░ 42.3% (609/936)
Android node_modules\expo-router\entry.js ▓▓▓▓▓▓▓▓░░░░░░░░ 51.1% ( 782/1127)
Android node_modules\expo-router\entry.js ▓▓▓▓▓▓▓▓░░░░░░░░ 51.1% ( 944/1404)
Android node_modules\expo-router\entry.js ▓▓▓▓▓▓▓▓░░░░░░░░ 51.1% (1072/1514)
Android node_modules\expo-router\entry.js ▓▓▓▓▓▓▓▓▓░░░░░░░ 61.2% (1339/1711)
Android node_modules\expo-router\entry.js ▓▓▓▓▓▓▓▓▓▓░░░░░░ 68.3% (1556/1891)
Android node_modules\expo-router\entry.js ▓▓▓▓▓▓▓▓▓▓▓░░░░░ 74.0% (1684/1958)
Android node_modules\expo-router\entry.js ▓▓▓▓▓▓▓▓▓▓▓▓▓░░░ 84.6% (2005/2193)
Android node_modules\expo-router\entry.js ▓▓▓▓▓▓▓▓▓▓▓▓▓▓░░ 89.6% (2415/2553)
Android node_modules\expo-router\entry.js ▓▓▓▓▓▓▓▓▓▓▓▓▓▓▓░ 99.9% (2841/2841)
Android Bundled 70952ms node_modules\expo-router\entry.js (2841 modules)
 WARN  SafeAreaView has been deprecated and will be removed in a future release. Please use 'react-native-safe-area-context' instead. See https://github.com/th3rdwave/react-native-safe-area-context
 WARN  [expo-av]: Expo AV has been deprecated and will be removed in SDK 54. Use the `expo-audio` and `expo-video` packages to replace the required functionality.
 WARN  Route "./(resident)/profile/_components/AddressCard.tsx" is missing the required default export. Ensure a React component is exported as default.
 WARN  Route "./(resident)/profile/_components/HouseholdGrid.tsx" is missing the required default export. Ensure a React component is exported as default.
 WARN  Route "./(resident)/profile/_components/ProfileCompletion.tsx" is missing the required default export. Ensure a React component is exported as default.
 WARN  Route "./(resident)/profile/_components/ProfileHeader.tsx" is missing the required default export. Ensure a React component is exported as default.
 WARN  Route "./(resident)/profile/_components/ProfileQrModal.tsx" is missing the required default export. Ensure a React component is exported as default.
 WARN  Route "./(resident)/profile/_components/SectionSkeleton.tsx" is missing the required default export. Ensure a React component is exported as default.
 WARN  Route "./(resident)/profile/_components/SettingRow.tsx" is missing the required default export. Ensure a React component is exported as default.
 WARN  `setPositionAsync` is not supported with edge-to-edge enabled.
 WARN  `setBackgroundColorAsync` is not supported with edge-to-edge enabled.
 WARN  `setPositionAsync` is not supported with edge-to-edge enabled.
 WARN  `setBackgroundColorAsync` is not supported with edge-to-edge enabled.
Android node_modules\expo-router\entry.js ░░░░░░░░░░░░░░░░  0.0% (0/1)
Android Bundled 326ms node_modules\expo-router\entry.js (1 module)
